Grid,Date,Burrow or other,Comments,GPS code,Precision,X (west-to-east),Y (south-to-north),Mean X (west-to-east),Mean Y (south-to-north),DATUM (original PS56=yellow),Huso,Mean X (WGS84),Mean Y (WGS84),Scaled X,Scaled Y,,,,,,,,,,,,,,,,,,
,11-Nov-21,33,,R33,3,325192.0,6291697.0,325190.7,6291696.0,wgs84,19,325191,6291696,  ,,,,,,,,,,,,,,,,,,,
,12-Nov-21,33,,161,3,325187.0,6291694.0,,,wgs84,19,,,,,,,,,,,,,,,,,,,,,,
,15-Nov-21,33,,230,3,325193.0,6291697.0,,,wgs84,19,,,,,,,,,,,,,,,,,,,,,,
,11-Nov-21,CAMIO21,,CAMIO21,3,325186.0,6291689.0,325187.0,6291690.0,wgs84,19,325187,6291690,,,,,,,,,,,,,,,,,,,,
,12-Nov-21,CAMIO21,,162,3,325188.0,6291689.0,,,wgs84,19,,,,,,,,,,,,,,,,,,,,,,
,15-Nov-21,CAMIO21,,231,3,325187.0,6291692.0,,,wgs84,19,,,,,,,,,,,,,,,,,,,,,,
,11-Nov-21,38,,R38,3,325208.0,6291684.0,325206.7,6291684.0,wgs84,19,325207,6291684,,,,,,,,,,,,,,,,,,,,
,12-Nov-21,38,,163,3,325205.0,6291683.0,,,wgs84,19,,,,,,,,,,,,,,,,,,,,,,
,15-Nov-21,38,,232,3,325207.0,6291685.0,,,wgs84,19,,,,,,,,,,,,,,,,,,,,,,
,11-Nov-21,ANDAM S 2021,,ANDAM S,3,325187.0,6291650.0,325188.3,6291650.0,wgs84,19,325188,6291650,,                                     ,,,,,,,,,,,,,,,,,,
,12-Nov-21,ANDAM S 2021,,164,3,325189.0,6291649.0,,,wgs84,19,,,,,,,,,,,,,,,,,,,,,,
,15-Nov-21,ANDAM S 2021,,233,3,325189.0,6291651.0,,,wgs84,19,,,,,,,,,,,,,,,,,,,,,,
,11-Nov-21,29m E 3,,29ER3,3,325199.0,6291626.0,325198.7,6291627.0,wgs84,19,325199,6291627,,,,,,,,,,,,,,,,,,,,
,12-Nov-21,29m E 3,,165,3,325198.0,6291627.0,,,wgs84,19,,,,,,,,,,,,,,,,,,,,,,
,15-Nov-21,29m E 3,,234,3,325199.0,6291628.0,,,wgs84,19,,,,,,,,,,,,,,,,,,,,,,
,11-Nov-21,15m E 3,,15ER3,3,325178.0,6291634.0,325182.0,6291632.0,wgs84,19,325182,6291632,,,,,,,,,,,,,,,,,,,,
,12-Nov-21,15m E 3,,166,3,325186.0,6291629.0,,,wgs84,19,,,,,,,,,,,,,,,,,,,,,,
,15-Nov-21,15m E 3,,235,3,325182.0,6291633.0,,,wgs84,19,,,,,,,,,,,,,,,,,,,,,,
,11-Nov-21,3,,R3,3,325169.0,6291631.0,325170.0,6291630.7,wgs84,19,325170,6291631,,,,,,,,,,,,,,,,,,,,
,12-Nov-21,3,,167,3,325171.0,6291630.0,,,wgs84,19,,,,,,,,,,,,,,,,,,,,,,
,15-Nov-21,3,,236,3,325170.0,6291631.0,,,wgs84,19,,,,,,,,,,,,,,,,,,,,,,
,11-Nov-21,4,,R4,3,325158.0,6291604.0,325159.3,6291604.7,wgs84,19,325159,6291605,,,,,,,,,,,,,,,,,,,,
,12-Nov-21,4,,168,3,325160.0,6291603.0,,,wgs84,19,,,,,,,,,,,,,,,,,,,,,,
,15-Nov-21,4,,238,3,325160.0,6291607.0,,,wgs84,19,,,,,,,,,,,,,,,,,,,,,,
,11-Nov-21,2,,R2,3,325156.0,6291594.0,325157.0,6291594.3,wgs84,19,325157,6291594,,,,,,,,,,,,,,,,,,,,
,12-Nov-21,2,,169,3,325157.0,6291592.0,,,wgs84,19,,,,,,,,,,,,,,,,,,,,,,
,15-Nov-21,2,,239,3,325158.0,6291597.0,,,wgs84,19,,,,,,,,,,,,,,,,,,,,,,
,11-Nov-21,5,,R5,3,325157.0,6291624.0,325154.7,6291624.0,wgs84,19,325155,6291624,,,,,,,,,,,,,,,,,,,,
,12-Nov-21,5,,170,3,325153.0,6291623.0,,,wgs84,19,,,,,,,,,,,,,,,,,,,,,,
,15-Nov-21,5,,237,3,325154.0,6291625.0,,,wgs84,19,,,,,,,,,,,,,,,,,,,,,,
,11-Nov-21,12,,R12,3,325137.0,6291603.0,325137.7,6291603.3,wgs84,19,325138,6291603,,,,,,,,,,,,,,,,,,,,
,12-Nov-21,12,,171,3,325138.0,6291602.0,,,wgs84,19,,,,,,,,,,,,,,,,,,,,,,
,15-Nov-21,12,,240,3,325138.0,6291605.0,,,wgs84,19,,,,,,,,,,,,,,,,,,,,,,
,11-Nov-21,24,,R24,3,325133.0,6291587.0,325134.0,6291587.3,wgs84,19,325134,6291587,,,,,,,,,,,,,,,,,,,,
,12-Nov-21,24,,172,3,325134.0,6291586.0,,,wgs84,19,,,,,,,,,,,,,,,,,,,,,,
,15-Nov-21,24,,241,3,325135.0,6291589.0,,,wgs84,19,,,,,,,,,,,,,,,,,,,,,,
,11-Nov-21,30m S 12,,30SR12,3,325136.0,6291571.0,325133.3,6291574.5,wgs84,19,325133,6291575,,,,,,,,,,,,,,,,,,,,
,12-Nov-21,30m S 12,,173,3,325137.0,6291572.0,,,wgs84,19,,,,,,,,,,,,,,,,,,,,,,
,15-Nov-21,30m S 12,,242,3,325138.0,6291575.0,,,wgs84,19,,,,,,,,,,,,,,,,,,,,,,
,11-Nov-21,14m SW 24,,14SWR24,3,325122.0,6291580.0,325122.3,6291580.7,wgs84,19,325122,6291581,,,,,,,,,,,,,,,,,,,,
,12-Nov-21,14m SW 24,,174,3,325122.0,6291580.0,,,wgs84,19,,,,,,,,,,,,,,,,,,,,,,
,15-Nov-21,14m SW 24,,243,3,325123.0,6291582.0,,,wgs84,19,,,,,,,,,,,,,,,,,,,,,,
,11-Nov-21,10m E 26,,10ER26,3,325123.0,6291591.0,325123.7,6291591.0,wgs84,19,325124,6291591,,,,,,,,,,,,,,,,,,,,
,12-Nov-21,10m E 26,,175,3,325124.0,6291591.0,,,wgs84,19,,,,,,,,,,,,,,,,,,,,,,
,15-Nov-21,10m E 26,,244,3,325124.0,6291591.0,,,wgs84,19,,,,,,,,,,,,,,,,,,,,,,
,11-Nov-21,26,,R26,3,325112.0,6291593.0,325112.0,6291593.0,wgs84,19,325112,6291593,,,,,,,,,,,,,,,,,,,,
,12-Nov-21,26,,176,3,325112.0,6291593.0,,,wgs84,19,,,,,,,,,,,,,,,,,,,,,,
,15-Nov-21,26,,245,3,325112.0,6291593.0,,,wgs84,19,,,,,,,,,,,,,,,,,,,,,,
,11-Nov-21,30,,R30,3,325103.0,6291619.0,325103.0,6291619.3,wgs84,19,325103,6291619,,,,,,,,,,,,,,,,,,,,
,12-Nov-21,30,,177,3,325103.0,6291619.0,,,wgs84,19,,,,,,,,,,,,,,,,,,,,,,
,15-Nov-21,30,,246,3,325103.0,6291620.0,,,wgs84,19,,,,,,,,,,,,,,,,,,,,,,
,11-Nov-21,28,,R28,3,325111.0,6291619.0,325111.0,6291618.3,wgs84,19,325111,6291618,,,,,,,,,,,,,,,,,,,,
,12-Nov-21,28,,178,3,325111.0,6291618.0,,,wgs84,19,,,,,,,,,,,,,,,,,,,,,,
,15-Nov-21,28,,247,3,325111.0,6291618.0,,,wgs84,19,,,,,,,,,,,,,,,,,,,,,,
,11-Nov-21,25,,R25,3,325136.0,6291652.0,325136.3,6291652.0,wgs84,19,325136,6291652,,,,,,,,,,,,,,,,,,,,
,12-Nov-21,25,,179,3,325137.0,6291652.0,,,wgs84,19,,,,,,,,,,,,,,,,,,,,,,
,15-Nov-21,25,,248,3,325136.0,6291652.0,,,wgs84,19,,,,,,,,,,,,,,,,,,,,,,
,11-Nov-21,14m S 25,,14SR25,3,325136.0,6291639.0,325136.7,6291639.0,wgs84,19,325137,6291639,,,,,,,,,,,,,,,,,,,,
,12-Nov-21,14m S 25,,180,3,325137.0,6291639.0,,,wgs84,19,,,,,,,,,,,,,,,,,,,,,,
,15-Nov-21,14m S 25,,249,3,325137.0,6291639.0,,,wgs84,19,,,,,,,,,,,,,,,,,,,,,,
,11-Nov-21,5m E 25,,5ER25,3,325139.0,6291651.0,325141.3,6291652.3,wgs84,19,325141,6291652,,,,,,,,,,,,,,,,,,,,
,12-Nov-21,5m E 25,,181,3,325143.0,6291654.0,,,wgs84,19,,,,,,,,,,,,,,,,,,,,,,
,15-Nov-21,5m E 25,,250,3,325142.0,6291652.0,,,wgs84,19,,,,,,,,,,,,,,,,,,,,,,
,11-Nov-21,22m E 25,,22ER25,3,325155.0,6291660.0,325156.0,6291660.0,wgs84,19,325156,6291660,,,,,,,,,,,,,,,,,,,,
,12-Nov-21,22m E 25,,182,3,325156.0,6291661.0,,,wgs84,19,,,,,,,,,,,,,,,,,,,,,,
,15-Nov-21,22m E 25,,251,3,325157.0,6291659.0,,,wgs84,19,,,,,,,,,,,,,,,,,,,,,,
,11-Nov-21,31,,R31,3,325135.0,6291682.0,325136.0,6291681.7,wgs84,19,325136,6291682,,,,,,,,,,,,,,,,,,,,
,12-Nov-21,31,,183,3,325137.0,6291682.0,,,wgs84,19,,,,,,,,,,,,,,,,,,,,,,
,15-Nov-21,31,,252,3,325136.0,6291681.0,,,wgs84,19,,,,,,,,,,,,,,,,,,,,,,
,11-Nov-21,9,,R9,3,325146.0,6291690.0,325146.3,6291689.3,wgs84,19,325146,6291689,,,,,,,,,,,,,,,,,,,,
,12-Nov-21,9,,184,3,325146.0,6291689.0,,,wgs84,19,,,,,,,,,,,,,,,,,,,,,,
,15-Nov-21,9,,253,3,325147.0,6291689.0,,,wgs84,19,,,,,,,,,,,,,,,,,,,,,,
,11-Nov-21,16,,R16,3,325136.0,6291695.0,325137.0,6291694.7,wgs84,19,325137,6291695,,,,,,,,,,,,,,,,,,,,
,12-Nov-21,16,,185,3,325137.0,6291695.0,,,wgs84,19,,,,,,,,,,,,,,,,,,,,,,
,15-Nov-21,16,,254,3,325138.0,6291694.0,,,wgs84,19,,,,,,,,,,,,,,,,,,,,,,
,11-Nov-21,19,,R19,3,325120.0,6291685.0,325120.7,6291685.0,wgs84,19,325121,6291685,,,,,,,,,,,,,,,,,,,,
,12-Nov-21,19,,186,3,325121.0,6291684.0,,,wgs84,19,,,,,,,,,,,,,,,,,,,,,,
,15-Nov-21,19,,255,3,325121.0,6291686.0,,,wgs84,19,,,,,,,,,,,,,,,,,,,,,,
,11-Nov-21,11,,R11,3,325111.0,6291695.0,325112.0,6291696.0,wgs84,19,325112,6291696,,,,,,,,,,,,,,,,,,,,
,12-Nov-21,11,,187,3,325113.0,6291696.0,,,wgs84,19,,,,,,,,,,,,,,,,,,,,,,
,15-Nov-21,11,,256,3,325112.0,6291697.0,,,wgs84,19,,,,,,,,,,,,,,,,,,,,,,
,11-Nov-21,41,,R41,3,325122.0,6291700.0,325122.7,6291700.3,wgs84,19,325123,6291700,,,,,,,,,,,,,,,,,,,,
,12-Nov-21,41,,190,3,325123.0,6291701.0,,,wgs84,19,,,,,,,,,,,,,,,,,,,,,,
,15-Nov-21,41,,259,3,325123.0,6291700.0,,,wgs84,19,,,,,,,,,,,,,,,,,,,,,,
,11-Nov-21,SILLA 2021,,SILLA,3,325114.0,6291711.0,325114.3,6291711.7,wgs84,19,325114,6291712,,,,,,,,,,,,,,,,,,,,
,12-Nov-21,SILLA 2021,,189,3,325115.0,6291713.0,,,wgs84,19,,,,,,,,,,,,,,,,,,,,,,
,15-Nov-21,SILLA 2021,,258,3,325114.0,6291711.0,,,wgs84,19,,,,,,,,,,,,,,,,,,,,,,
,11-Nov-21,15,,R15,3,325141.0,6291707.0,325141.3,6291707.7,wgs84,19,325141,6291708,,,,,,,,,,,,,,,,,,,,
,12-Nov-21,15,,191,3,325142.0,6291709.0,,,wgs84,19,,,,,,,,,,,,,,,,,,,,,,
,15-Nov-21,15,,260,3,325141.0,6291707.0,,,wgs84,19,,,,,,,,,,,,,,,,,,,,,,
,11-Nov-21,14,,R14,3,325143.0,6291723.0,325143.7,6291725.3,wgs84,19,325144,6291725,,,,,,,,,,,,,,,,,,,,
,12-Nov-21,14,,192,3,325144.0,6291728.0,,,wgs84,19,,,,,,,,,,,,,,,,,,,,,,
,15-Nov-21,14,,261,3,325144.0,6291725.0,,,wgs84,19,,,,,,,,,,,,,,,,,,,,,,
,11-Nov-21,39,,R39,3,325094.0,6291741.0,325094.7,6291742.0,wgs84,19,325095,6291742,,,,,,,,,,,,,,,,,,,,
,12-Nov-21,39,,193,3,325096.0,6291744.0,,,wgs84,19,,,,,,,,,,,,,,,,,,,,,,
,15-Nov-21,39,,263,3,325094.0,6291741.0,,,wgs84,19,,,,,,,,,,,,,,,,,,,,,,
,11-Nov-21,27,,R27,3,325085.0,6291749.0,325086.0,6291749.0,wgs84,19,325086,6291749,,,,,,,,,,,,,,,,,,,,
,12-Nov-21,27,,195,3,325088.0,6291749.0,,,wgs84,19,,,,,,,,,,,,,,,,,,,,,,
,15-Nov-21,27,,264,3,325085.0,6291749.0,,,wgs84,19,,,,,,,,,,,,,,,,,,,,,,
,11-Nov-21,42,,R42,3,325069.0,6291690.0,325069.7,6291690.7,wgs84,19,325070,6291691,,,,,,,,,,,,,,,,,,,,
,12-Nov-21,42,,188,3,325071.0,6291691.0,,,wgs84,19,,,,,,,,,,,,,,,,,,,,,,
,15-Nov-21,42,,257,3,325069.0,6291691.0,,,wgs84,19,,,,,,,,,,,,,,,,,,,,,,
,11-Nov-21,40,,R40,3,325052.0,6291722.0,325051.0,6291722.0,wgs84,19,325051,6291722,,,,,,,,,,,,,,,,,,,,
,12-Nov-21,40,,194,3,325051.0,6291721.0,,,wgs84,19,,,,,,,,,,,,,,,,,,,,,,
,15-Nov-21,40,,265,3,325050.0,6291723.0,,,wgs84,19,,,,,,,,,,,,,,,,,,,,,,
,11-Nov-21,18,,R18,3,325108.0,6291745.0,325107.7,6291744.7,wgs84,19,325108,6291745,,,,,,,,,,,,,,,,,,,,
,12-Nov-21,18,,196,3,325108.0,6291745.0,,,wgs84,19,,,,,,,,,,,,,,,,,,,,,,
,15-Nov-21,18,,262,3,325107.0,6291744.0,,,wgs84,19,,,,,,,,,,,,,,,,,,,,,,
,11-Nov-21,20,,R20,3,325122.0,6291774.0,325121.7,6291775.7,wgs84,19,325122,6291776,,,,,,,,,,,,,,,,,,,,
,12-Nov-21,20,,197,3,325121.0,6291777.0,,,wgs84,19,,,,,,,,,,,,,,,,,,,,,,
,15-Nov-21,20,,266,3,325122.0,6291776.0,,,wgs84,19,,,,,,,,,,,,,,,,,,,,,,
,11-Nov-21,8,,R8,3,325143.0,6291776.0,325143.3,6291777.3,wgs84,19,325143,6291777,,,,,,,,,,,,,,,,,,,,
,12-Nov-21,8,,198,3,325144.0,6291779.0,,,wgs84,19,,,,,,,,,,,,,,,,,,,,,,
,15-Nov-21,8,,267,3,325143.0,6291777.0,,,wgs84,19,,,,,,,,,,,,,,,,,,,,,,
,11-Nov-21,21,,R21,3,325146.0,6291813.0,325147.0,6291816.0,wgs84,19,325147,6291816,,,,,,,,,,,,,,,,,,,,
,12-Nov-21,21,,199,3,325149.0,6291820.0,,,wgs84,19,,,,,,,,,,,,,,,,,,,,,,
,15-Nov-21,21,,268,3,325146.0,6291815.0,,,wgs84,19,,,,,,,,,,,,,,,,,,,,,,
,11-Nov-21,22,,R22,3,325158.0,6291805.0,325159.0,6291806.0,wgs84,19,325159,6291806,,,,,,,,,,,,,,,,,,,,
,12-Nov-21,22,,200,3,325160.0,6291807.0,,,wgs84,19,,,,,,,,,,,,,,,,,,,,,,
,15-Nov-21,22,,269,3,325159.0,6291806.0,,,wgs84,19,,,,,,,,,,,,,,,,,,,,,,
,11-Nov-21,36,,R36,3,325180.0,6291771.0,325180.7,6291772.7,wgs84,19,325181,6291773,,,,,,,,,,,,,,,,,,,,
,12-Nov-21,36,,201,3,325181.0,6291773.0,,,wgs84,19,,,,,,,,,,,,,,,,,,,,,,
,15-Nov-21,36,,270,3,325181.0,6291774.0,,,wgs84,19,,,,,,,,,,,,,,,,,,,,,,
,11-Nov-21,13,,R13,3,325193.0,6291764.0,325193.7,6291763.7,wgs84,19,325194,6291764,,,,,,,,,,,,,,,,,,,,
,12-Nov-21,13,,202,3,325193.0,6291763.0,,,wgs84,19,,,,,,,,,,,,,,,,,,,,,,
,15-Nov-21,13,,271,3,325195.0,6291764.0,,,wgs84,19,,,,,,,,,,,,,,,,,,,,,,
,11-Nov-21,7,,R7,3,325200.0,6291773.0,325200.0,6291772.7,wgs84,19,325200,6291773,,,,,,,,,,,,,,,,,,,,
,12-Nov-21,7,,203,3,325200.0,6291773.0,,,wgs84,19,,,,,,,,,,,,,,,,,,,,,,
,15-Nov-21,7,,219,3,325200.0,6291772.0,,,wgs84,19,,,,,,,,,,,,,,,,,,,,,,
,11-Nov-21,34,,R34,3,325217.0,6291776.0,325218.0,6291777.0,wgs84,19,325218,6291777,,,,,,,,,,,,,,,,,,,,
,12-Nov-21,34,,204,3,325219.0,6291778.0,,,wgs84,19,,,,,,,,,,,,,,,,,,,,,,
,15-Nov-21,34,,220,3,325218.0,6291777.0,,,wgs84,19,,,,,,,,,,,,,,,,,,,,,,
,11-Nov-21,35,,R35,3,325214.0,6291809.0,325214.7,6291811.0,wgs84,19,325215,6291811,,,,,,,,,,,,,,,,,,,,
,12-Nov-21,35,,205,3,325216.0,6291813.0,,,wgs84,19,,,,,,,,,,,,,,,,,,,,,,
,15-Nov-21,35,,216,3,325214.0,6291811.0,,,wgs84,19,,,,,,,,,,,,,,,,,,,,,,
,11-Nov-21,32,,R32,3,325218.0,6291755.0,325218.0,6291756.3,wgs84,19,325218,6291756,,,,,,,,,,,,,,,,,,,,
,12-Nov-21,32,,206,3,325217.0,6291754.0,,,wgs84,19,,,,,,,,,,,,,,,,,,,,,,
,15-Nov-21,32,,221,3,325219.0,6291760.0,,,wgs84,19,,,,,,,,,,,,,,,,,,,,,,
,11-Nov-21,29,,R29,3,325223.0,6291740.0,325222.7,6291741.3,wgs84,19,325223,6291741,,,,,,,,,,,,,,,,,,,,
,12-Nov-21,29,,207,3,325222.0,6291740.0,,,wgs84,19,,,,,,,,,,,,,,,,,,,,,,
,15-Nov-21,29,,222,3,325223.0,6291744.0,,,wgs84,19,,,,,,,,,,,,,,,,,,,,,,
,11-Nov-21,23,,R23,3,325198.0,6291746.0,325198.7,6291747.3,wgs84,19,325199,6291747,,,,,,,,,,,,,,,,,,,,
,12-Nov-21,23,,208,3,325198.0,6291747.0,,,wgs84,19,,,,,,,,,,,,,,,,,,,,,,
,15-Nov-21,23,,223,3,325200.0,6291749.0,,,wgs84,19,,,,,,,,,,,,,,,,,,,,,,
,11-Nov-21,37,,R37,3,325198.0,6291731.0,325197.7,6291732.3,wgs84,19,325198,6291732,,,,,,,,,,,,,,,,,,,,
,12-Nov-21,37,,209,3,325197.0,6291731.0,,,wgs84,19,,,,,,,,,,,,,,,,,,,,,,
,15-Nov-21,37,,224,3,325198.0,6291735.0,,,wgs84,19,,,,,,,,,,,,,,,,,,,,,,
,11-Nov-21,6,,R6,3,325190.0,6291727.0,325189.3,6291727.3,wgs84,19,325189,6291727,,,,,,,,,,,,,,,,,,,,
,12-Nov-21,6,,210,3,325188.0,6291726.0,,,wgs84,19,,,,,,,,,,,,,,,,,,,,,,
,15-Nov-21,6,,225,3,325190.0,6291729.0,,,wgs84,19,,,,,,,,,,,,,,,,,,,,,,
,11-Nov-21,17,,R17,3,325182.0,6291749.0,325182.7,6291750.0,wgs84,19,325183,6291750,,,,,,,,,,,,,,,,,,,,
,12-Nov-21,17,,211,3,325184.0,6291751.0,,,wgs84,19,,,,,,,,,,,,,,,,,,,,,,
,15-Nov-21,17,,226,3,325182.0,6291750.0,,,wgs84,19,,,,,,,,,,,,,,,,,,,,,,
,11-Nov-21,1,,R1,3,325174.0,6291744.0,325175.0,6291745.7,wgs84,19,325175,6291746,,,,,,,,,,,,,,,,,,,,
,12-Nov-21,1,,212,3,325176.0,6291747.0,,,wgs84,19,,,,,,,,,,,,,,,,,,,,,,
,15-Nov-21,1,,227,3,325175.0,6291746.0,,,wgs84,19,,,,,,,,,,,,,,,,,,,,,,
,11-Nov-21,ANDAM N 2021,,ANDAM N,3,325166.0,6291743.0,325166.7,6291744.7,wgs84,19,325167,6291745,,,,,,,,,,,,,,,,,,,,
,12-Nov-21,ANDAM N 2021,,213,3,325169.0,6291745.0,,,wgs84,19,,,,,,,,,,,,,,,,,,,,,,
,15-Nov-21,ANDAM N 2021,,228,3,325165.0,6291746.0,,,wgs84,19,,,,,,,,,,,,,,,,,,,,,,
,11-Nov-21,10,,R10,3,325173.0,6291722.0,325173.0,6291721.7,wgs84,19,325173,6291722,,,,,,,,,,,,,,,,,,,,
,12-Nov-21,10,,214,3,325173.0,6291720.0,,,wgs84,19,,,,,,,,,,,,,,,,,,,,,,
,15-Nov-21,10,,229,3,325173.0,6291723.0,,,wgs84,19,,,,,,,,,,,,,,,,,,,,,,
,21-Jul-22,46,,R46,3,325170.0,6291685.0,325168.7,6291684.3,wgs84,19,325169,6291684,,,,,,,,,,,,,,,,,,,,
,22-Jul-22,46,,272,3,325169.0,6291684.0,,,wgs84,19,,,,,,,,,,,,,,,,,,,,,,
,25-Jul-22,46,,314,3,325167.0,6291684.0,,,wgs84,19,,,,,,,,,,,,,,,,,,,,,,
,21-Jul-22,SILLA 2022,,SILLA1,3,325220.0,6291699.0,325219.7,6291699.0,wgs84,19,325220,6291699,,,,,,,,,,,,,,,,,,,,
,22-Jul-22,SILLA 2022,,273,3,325221.0,6291699.0,,,wgs84,19,,,,,,,,,,,,,,,,,,,,,,
,25-Jul-22,SILLA 2022,,315,3,325218.0,6291699.0,,,wgs84,19,,,,,,,,,,,,,,,,,,,,,,
,21-Jul-22,57,,R57,3,325223.0,6291717.0,325222.3,6291716.7,wgs84,19,325222,6291717,,,,,,,,,,,,,,,,,,,,
,22-Jul-22,57,,274,3,325222.0,6291716.0,,,wgs84,19,,,,,,,,,,,,,,,,,,,,,,
,25-Jul-22,57,,316,3,325222.0,6291717.0,,,wgs84,19,,,,,,,,,,,,,,,,,,,,,,
,21-Jul-22,10m SW48,,10mSW481,3,325243.0,6291785.0,325242.7,6291785.3,wgs84,19,325243,6291785,,,,,,,,,,,,,,,,,,,,
,22-Jul-22,10m SW48,,275,3,325243.0,6291785.0,,,wgs84,19,,,,,,,,,,,,,,,,,,,,,,
,25-Jul-22,10m SW48,,317,3,325242.0,6291786.0,,,wgs84,19,,,,,,,,,,,,,,,,,,,,,,
,21-Jul-22,48,,R48,3,325250.0,6291791.0,325249.7,6291791.3,wgs84,19,325250,6291791,,,,,,,,,,,,,,,,,,,,
,22-Jul-22,48,,276,3,325250.0,6291791.0,,,wgs84,19,,,,,,,,,,,,,,,,,,,,,,
,25-Jul-22,48,,318,3,325249.0,6291792.0,,,wgs84,19,,,,,,,,,,,,,,,,,,,,,,
,21-Jul-22,40m SW58,,40mSW58,3,325265.0,6291762.0,325264.3,6291762.3,wgs84,19,325264,6291762,,,,,,,,,,,,,,,,,,,,
,22-Jul-22,40m SW58,,277,3,325265.0,6291762.0,,,wgs84,19,,,,,,,,,,,,,,,,,,,,,,
,25-Jul-22,40m SW58,,319,3,325263.0,6291763.0,,,wgs84,19,,,,,,,,,,,,,,,,,,,,,,
,21-Jul-22,58,,R58,3,325295.0,6291799.0,325294.0,6291799.3,wgs84,19,325294,6291799,,,,,,,,,,,,,,,,,,,,
,22-Jul-22,58,,278,3,325293.0,6291799.0,,,wgs84,19,,,,,,,,,,,,,,,,,,,,,,
,25-Jul-22,58,,320,3,325294.0,6291800.0,,,wgs84,19,,,,,,,,,,,,,,,,,,,,,,
,21-Jul-22,13m W58,,13mW58,3,325282.0,6291801.0,325281.3,6291802.0,wgs84,19,325281,6291802,,,,,,,,,,,,,,,,,,,,
,22-Jul-22,13m W58,,279,3,325281.0,6291802.0,,,wgs84,19,,,,,,,,,,,,,,,,,,,,,,
,25-Jul-22,13m W58,,321,3,325281.0,6291803.0,,,wgs84,19,,,,,,,,,,,,,,,,,,,,,,
,21-Jul-22,49,,R49,3,325257.0,6291862.0,325259.0,6291861.3,wgs84,19,325259,6291861,,,,,,,,,,,,,,,,,,,,
,22-Jul-22,49,,280,3,325260.0,6291860.0,,,wgs84,19,,,,,,,,,,,,,,,,,,,,,,
,25-Jul-22,49,,322,3,325260.0,6291862.0,,,wgs84,19,,,,,,,,,,,,,,,,,,,,,,
,21-Jul-22,56,,R56,3,325233.0,6291838.0,325233.0,6291838.0,wgs84,19,325233,6291838,,,,,,,,,,,,,,,,,,,,
,22-Jul-22,56,,281,3,325232.0,6291837.0,,,wgs84,19,,,,,,,,,,,,,,,,,,,,,,
,25-Jul-22,56,,323,3,325234.0,6291839.0,,,wgs84,19,,,,,,,,,,,,,,,,,,,,,,
,21-Jul-22,9m NW56,,9mNW56,3,325228.0,6291842.0,325228.0,6291843.0,wgs84,19,325228,6291843,,,,,,,,,,,,,,,,,,,,
,22-Jul-22,9m NW56,,282,3,325228.0,6291843.0,,,wgs84,19,,,,,,,,,,,,,,,,,,,,,,
,25-Jul-22,9m NW56,,324,3,325228.0,6291844.0,,,wgs84,19,,,,,,,,,,,,,,,,,,,,,,
,21-Jul-22,50,,R50,3,325212.0,6291868.0,325211.7,6291868.0,wgs84,19,325212,6291868,,,,,,,,,,,,,,,,,,,,
,22-Jul-22,50,,283,3,325211.0,6291868.0,,,wgs84,19,,,,,,,,,,,,,,,,,,,,,,
,25-Jul-22,50,,325,3,325212.0,6291868.0,,,wgs84,19,,,,,,,,,,,,,,,,,,,,,,
,21-Jul-22,12m NE35,,12mNE35,3,325220.0,6291822.0,325218.3,6291811.8,wgs84,19,325218,6291812,,,,,,,,,,,,,,,,,,,,
,22-Jul-22,12m NE35,,284,3,325217.0,6291818.0,,,wgs84,19,,,,,,,,,,,,,,,,,,,,,,
,25-Jul-22,12m NE35,,326,3,325218.0,6291819.0,,,wgs84,19,,,,,,,,,,,,,,,,,,,,,,
,21-Jul-22,18m NE7,,18mNE7,3,325209.0,6291788.0,325208.7,6291788.0,wgs84,19,325209,6291788,,,,,,,,,,,,,,,,,,,,
,22-Jul-22,18m NE7,,285,3,325208.0,6291788.0,,,wgs84,19,,,,,,,,,,,,,,,,,,,,,,
,25-Jul-22,18m NE7,,327,3,325209.0,6291788.0,,,wgs84,19,,,,,,,,,,,,,,,,,,,,,,
,21-Jul-22,47,,R47,3,325196.0,6291790.0,325196.0,6291790.0,wgs84,19,325196,6291790,,,,,,,,,,,,,,,,,,,,
,22-Jul-22,47,,286,3,325196.0,6291790.0,,,wgs84,19,,,,,,,,,,,,,,,,,,,,,,
,25-Jul-22,47,,328,3,325196.0,6291790.0,,,wgs84,19,,,,,,,,,,,,,,,,,,,,,,
,21-Jul-22,8m N1,,8mN1,3,325173.0,6291748.0,325172.0,6291749.0,wgs84,19,325172,6291749,,,,,,,,,,,,,,,,,,,,
,22-Jul-22,8m N1,,287,3,325171.0,6291751.0,,,wgs84,19,,,,,,,,,,,,,,,,,,,,,,
,25-Jul-22,8m N1,,329,3,325172.0,6291748.0,,,wgs84,19,,,,,,,,,,,,,,,,,,,,,,
,21-Jul-22,43,,R43,3,325167.0,6291757.0,325166.0,6291756.7,wgs84,19,325166,6291757,,,,,,,,,,,,,,,,,,,,
,22-Jul-22,43,,288,3,325166.0,6291757.0,,,wgs84,19,,,,,,,,,,,,,,,,,,,,,,
,25-Jul-22,43,,330,3,325165.0,6291756.0,,,wgs84,19,,,,,,,,,,,,,,,,,,,,,,
,21-Jul-22,ANDAMIO E 2022,,ANDAMIO E,3,325158.0,6291752.0,325157.7,6291751.7,wgs84,19,325158,6291752,,,,,,,,,,,,,,,,,,,,
,22-Jul-22,ANDAMIO E 2022,,289,3,325158.0,6291752.0,,,wgs84,19,,,,,,,,,,,,,,,,,,,,,,
,25-Jul-22,ANDAMIO E 2022,,331,3,325157.0,6291751.0,,,wgs84,19,,,,,,,,,,,,,,,,,,,,,,
,21-Jul-22,44,,R44,3,325161.0,6291746.0,325160.0,6291746.3,wgs84,19,325160,6291746,,,,,,,,,,,,,,,,,,,,
,22-Jul-22,44,,290,3,325160.0,6291746.0,,,wgs84,19,,,,,,,,,,,,,,,,,,,,,,
,25-Jul-22,44,,332,3,325159.0,6291747.0,,,wgs84,19,,,,,,,,,,,,,,,,,,,,,,
,21-Jul-22,45,,R45,3,325161.0,6291739.0,325159.3,6291738.3,wgs84,19,325159,6291738,,,,,,,,,,,,,,,,,,,,
,22-Jul-22,45,,291,3,325158.0,6291738.0,,,wgs84,19,,,,,,,,,,,,,,,,,,,,,,
,25-Jul-22,45,,333,3,325159.0,6291738.0,,,wgs84,19,,,,,,,,,,,,,,,,,,,,,,
,21-Jul-22,64,,R64,3,325159.0,6291776.0,325157.7,6291776.0,wgs84,19,325158,6291776,,,,,,,,,,,,,,,,,,,,
,22-Jul-22,64,,292,3,325158.0,6291776.0,,,wgs84,19,,,,,,,,,,,,,,,,,,,,,,
,25-Jul-22,64,,334,3,325156.0,6291776.0,,,wgs84,19,,,,,,,,,,,,,,,,,,,,,,
,21-Jul-22,14m W43,,14mW43,3,325152.0,6291761.0,325150.7,6291761.0,wgs84,19,325151,6291761,,,,,,,,,,,,,,,,,,,,
,22-Jul-22,14m W43,,293,3,325151.0,6291761.0,,,wgs84,19,,,,,,,,,,,,,,,,,,,,,,
,25-Jul-22,14m W43,,335,3,325149.0,6291761.0,,,wgs84,19,,,,,,,,,,,,,,,,,,,,,,
,21-Jul-22,59,,R59,3,325125.0,6291758.0,325123.3,6291757.3,wgs84,19,325123,6291757,,,,,,,,,,,,,,,,,,,,
,22-Jul-22,59,,294,3,325123.0,6291758.0,,,wgs84,19,,,,,,,,,,,,,,,,,,,,,,
,25-Jul-22,59,,336,3,325122.0,6291756.0,,,wgs84,19,,,,,,,,,,,,,,,,,,,,,,
,21-Jul-22,53,,R53,3,325139.0,6291791.0,325139.3,6291790.0,wgs84,19,325139,6291790,,,,,,,,,,,,,,,,,,,,
,22-Jul-22,53,,295,3,325140.0,6291790.0,,,wgs84,19,,,,,,,,,,,,,,,,,,,,,,
,25-Jul-22,53,,337,3,325139.0,6291789.0,,,wgs84,19,,,,,,,,,,,,,,,,,,,,,,
,21-Jul-22,52,,R52,3,325130.0,6291804.0,325129.0,6291803.7,wgs84,19,325129,6291804,,,,,,,,,,,,,,,,,,,,
,22-Jul-22,52,,296,3,325129.0,6291804.0,,,wgs84,19,,,,,,,,,,,,,,,,,,,,,,
,25-Jul-22,52,,338,3,325128.0,6291803.0,,,wgs84,19,,,,,,,,,,,,,,,,,,,,,,
,21-Jul-22,15m W51,,15mW51,3,325108.0,6291817.0,325105.7,6291817.7,wgs84,19,325106,6291818,,,,,,,,,,,,,,,,,,,,
,22-Jul-22,15m W51,,297,3,325106.0,6291818.0,,,wgs84,19,,,,,,,,,,,,,,,,,,,,,,
,25-Jul-22,15m W51,,339,3,325103.0,6291818.0,,,wgs84,19,,,,,,,,,,,,,,,,,,,,,,
,21-Jul-22,51,,R51,3,325123.0,6291817.0,325122.7,6291816.3,wgs84,19,325123,6291816,,,,,,,,,,,,,,,,,,,,
,22-Jul-22,51,,298,3,325123.0,6291816.0,,,wgs84,19,,,,,,,,,,,,,,,,,,,,,,
,25-Jul-22,51,,340,3,325122.0,6291816.0,,,wgs84,19,,,,,,,,,,,,,,,,,,,,,,
,21-Jul-22,24m N21,,24mN21,3,325144.0,6291841.0,325143.7,6291839.3,wgs84,19,325144,6291839,,,,,,,,,,,,,,,,,,,,
,22-Jul-22,24m N21,,299,3,325143.0,6291839.0,,,wgs84,19,,,,,,,,,,,,,,,,,,,,,,
,25-Jul-22,24m N21,,341,3,325144.0,6291838.0,,,wgs84,19,,,,,,,,,,,,,,,,,,,,,,
,21-Jul-22,40m N51,,40mN51,3,325118.0,6291862.0,325118.0,6291863.3,wgs84,19,325118,6291863,,,,,,,,,,,,,,,,,,,,
,22-Jul-22,40m N51,,300,3,325117.0,6291864.0,,,wgs84,19,,,,,,,,,,,,,,,,,,,,,,
,25-Jul-22,40m N51,,342,3,325119.0,6291864.0,,,wgs84,19,,,,,,,,,,,,,,,,,,,,,,
,21-Jul-22,55m NW51,,55mNW51,3,325106.0,6291871.0,325106.0,6291870.3,wgs84,19,325106,6291870,,,,,,,,,,,,,,,,,,,,
,22-Jul-22,55m NW51,,301,3,325107.0,6291870.0,,,wgs84,19,,,,,,,,,,,,,,,,,,,,,,
,25-Jul-22,55m NW51,,343,3,325105.0,6291870.0,,,wgs84,19,,,,,,,,,,,,,,,,,,,,,,
,21-Jul-22,61,,R61,3,325021.0,6291862.0,325018.7,6291864.7,wgs84,19,325019,6291865,,,,,,,,,,,,,,,,,,,,
,22-Jul-22,61,,302,3,325017.0,6291865.0,,,wgs84,19,,,,,,,,,,,,,,,,,,,,,,
,25-Jul-22,61,,344,3,325018.0,6291867.0,,,wgs84,19,,,,,,,,,,,,,,,,,,,,,,
,21-Jul-22,27m SE61,,27mSE61,3,325029.0,6291841.0,325027.7,6291839.3,wgs84,19,325028,6291839,,,,,,,,,,,,,,,,,,,,
,22-Jul-22,27m SE61,,303,3,325027.0,6291838.0,,,wgs84,19,,,,,,,,,,,,,,,,,,,,,,
,25-Jul-22,27m SE61,,345,3,325027.0,6291839.0,,,wgs84,19,,,,,,,,,,,,,,,,,,,,,,
,21-Jul-22,60,,R60,3,325054.0,6291808.0,325053.0,6291807.0,wgs84,19,325053,6291807,,,,,,,,,,,,,,,,,,,,
,22-Jul-22,60,,304,3,325053.0,6291807.0,,,wgs84,19,,,,,,,,,,,,,,,,,,,,,,
,25-Jul-22,60,,346,3,325052.0,6291806.0,,,wgs84,19,,,,,,,,,,,,,,,,,,,,,,
,21-Jul-22,20m N40,,20mN40,3,325055.0,6291743.0,325052.7,6291742.0,wgs84,19,325053,6291742,,,,,,,,,,,,,,,,,,,,
,22-Jul-22,20m N40,,305,3,325052.0,6291742.0,,,wgs84,19,,,,,,,,,,,,,,,,,,,,,,
,25-Jul-22,20m N40,,347,3,325051.0,6291741.0,,,wgs84,19,,,,,,,,,,,,,,,,,,,,,,
,21-Jul-22,8m W63,,8mW63,3,325099.0,6291757.0,325098.0,6291756.7,wgs84,19,325098,6291757,,,,,,,,,,,,,,,,,,,,
,22-Jul-22,8m W63,,306,3,325097.0,6291757.0,,,wgs84,19,,,,,,,,,,,,,,,,,,,,,,
,25-Jul-22,8m W63,,348,3,325098.0,6291756.0,,,wgs84,19,,,,,,,,,,,,,,,,,,,,,,
,21-Jul-22,63,,R63,3,325108.0,6291757.0,325106.7,6291757.0,wgs84,19,325107,6291757,,,,,,,,,,,,,,,,,,,,
,22-Jul-22,63,,307,3,325106.0,6291758.0,,,wgs84,19,,,,,,,,,,,,,,,,,,,,,,
,25-Jul-22,63,,349,3,325106.0,6291756.0,,,wgs84,19,,,,,,,,,,,,,,,,,,,,,,
,21-Jul-22,10m SE39,,10mSE39,3,325103.0,6291732.0,325103.0,6291731.3,wgs84,19,325103,6291731,,,,,,,,,,,,,,,,,,,,
,22-Jul-22,10m SE39,,308,3,325102.0,6291733.0,,,wgs84,19,,,,,,,,,,,,,,,,,,,,,,
,25-Jul-22,10m SE39,,350,3,325104.0,6291729.0,,,wgs84,19,,,,,,,,,,,,,,,,,,,,,,
,21-Jul-22,65,,14mS39,3,325100.0,6291725.0,325100.0,6291725.0,wgs84,19,325100,6291725,,,,,,,,,,,,,,,,,,,,
,22-Jul-22,65,,309,3,325099.0,6291726.0,,,wgs84,19,,,,,,,,,,,,,,,,,,,,,,
,25-Jul-22,65,,351,3,325101.0,6291724.0,,,wgs84,19,,,,,,,,,,,,,,,,,,,,,,
,21-Jul-22,ANDAMIO W 2022,,ANDAMIO W,3,325110.0,6291709.0,325109.0,6291709.7,wgs84,19,325109,6291710,,,,,,,,,,,,,,,,,,,,
,22-Jul-22,ANDAMIO W 2022,,310,3,325108.0,6291710.0,,,wgs84,19,,,,,,,,,,,,,,,,,,,,,,
,25-Jul-22,ANDAMIO W 2022,,352,3,325109.0,6291710.0,,,wgs84,19,,,,,,,,,,,,,,,,,,,,,,
,21-Jul-22,62,,R62,3,325082.0,6291665.0,325081.3,6291665.0,wgs84,19,325081,6291665,,,,,,,,,,,,,,,,,,,,
,22-Jul-22,62,,312,3,325081.0,6291665.0,,,wgs84,19,,,,,,,,,,,,,,,,,,,,,,
,25-Jul-22,62,,354,3,325081.0,6291665.0,,,wgs84,19,,,,,,,,,,,,,,,,,,,,,,
,21-Jul-22,55,,R55,3,325065.0,6291668.0,325064.0,6291666.7,wgs84,19,325064,6291667,,,,,,,,,,,,,,,,,,,,
,22-Jul-22,55,,311,3,325063.0,6291666.0,,,wgs84,19,,,,,,,,,,,,,,,,,,,,,,
,25-Jul-22,55,,353,3,325064.0,6291666.0,,,wgs84,19,,,,,,,,,,,,,,,,,,,,,,
,21-Jul-22,54,,R54,3,325128.0,6291707.0,325129.7,6291710.3,wgs84,19,325130,6291710,,,,,,,,,,,,,,,,,,,,
,22-Jul-22,54,,313,3,325130.0,6291712.0,,,wgs84,19,,,,,,,,,,,,,,,,,,,,,,
,25-Jul-22,54,,355,3,325131.0,6291712.0,,,wgs84,19,,,,,,,,,,,,,,,,,,,,,,
,09-Nov-22,67,,67,3,325218.0,6291706.0,325219.0,6291704.7,wgs84,19,325219,6291705,,,,,,,,,,,,,,,,,,,,
,10-Nov-22,67,,356,3,325218.0,6291704.0,,,wgs84,19,,,,,,,,,,,,,,,,,,,,,,
,11-Nov-22,67,,368,3,325221.0,6291704.0,,,wgs84,19,,,,,,,,,,,,,,,,,,,,,,
,09-Nov-22,8m SW67,,8MSW 67,3,325213.0,6291700.0,325214.0,6291698.3,wgs84,19,325214,6291698,,,,,,,,,,,,,,,,,,,,
,10-Nov-22,8m SW67,,357,3,325213.0,6291698.0,,,wgs84,19,,,,,,,,,,,,,,,,,,,,,,
,11-Nov-22,8m SW67,,367,3,325216.0,6291697.0,,,wgs84,19,,,,,,,,,,,,,,,,,,,,,,
,09-Nov-22,66,,66,3,325158.0,6291703.0,325158.0,6291700.7,wgs84,19,325158,6291701,,,,,,,,,,,,,,,,,,,,
,10-Nov-22,66,,358,3,325157.0,6291701.0,,,wgs84,19,,,,,,,,,,,,,,,,,,,,,,
,11-Nov-22,66,,366,3,325159.0,6291698.0,,,wgs84,19,,,,,,,,,,,,,,,,,,,,,,
,09-Nov-22,9m SW16,,9MSW 16,3,325126.0,6291691.0,325126.0,6291692.3,wgs84,19,325126,6291692,,,,,,,,,,,,,,,,,,,,
,10-Nov-22,9m SW16,,359,3,325126.0,6291695.0,,,wgs84,19,,,,,,,,,,,,,,,,,,,,,,
,11-Nov-22,9m SW16,,365,3,325126.0,6291691.0,,,wgs84,19,,,,,,,,,,,,,,,,,,,,,,
,09-Nov-22,68,,68,3,325112.0,6291684.0,325112.3,6291682.3,wgs84,19,325112,6291682,,,,,,,,,,,,,,,,,,,,
,10-Nov-22,68,,360,3,325111.0,6291683.0,,,wgs84,19,,,,,,,,,,,,,,,,,,,,,,
,11-Nov-22,68,,364,3,325114.0,6291680.0,,,wgs84,19,,,,,,,,,,,,,,,,,,,,,,
,09-Nov-22,10m NE27,,10MNE 27,3,325095.0,6291760.0,325096.0,6291758.7,wgs84,19,325096,6291759,,,,,,,,,,,,,,,,,,,,
,10-Nov-22,10m NE27,,361,3,325097.0,6291760.0,,,wgs84,19,,,,,,,,,,,,,,,,,,,,,,
,11-Nov-22,10m NE27,,363,3,325096.0,6291756.0,,,wgs84,19,,,,,,,,,,,,,,,,,,,,,,
,09-Nov-22,70m SW40,,70MSW 40,3,324992.0,6291683.0,324991.3,6291681.7,wgs84,19,324991,6291682,,,,,,,,,,,,,,,,,,,,
,10-Nov-22,70m SW40,,362,3,324991.0,6291682.0,,,wgs84,19,,,,,,,,,,,,,,,,,,,,,,
,11-Nov-22,70m SW40,,369,3,324991.0,6291680.0,,,wgs84,19,,,,,,,,,,,,,,,,,,,,,,
,17-Nov-23,69,,69,3,325184.0,6291666.0,325186.0,6291668.0,wgs84,19,325186,6291668,,,,,,,,,,,,,,,,,,,,
,24-Nov-23,69,,370,3,325187.0,6291669.0,,,wgs84,19,,,,,,,,,,,,,,,,,,,,,,
,25-Nov-23,69,,395,3,325187.0,6291669.0,,,wgs84,19,,,,,,,,,,,,,,,,,,,,,,
,17-Nov-23,70,,70,3,325193.0,6291655.0,325192.0,6291655.3,wgs84,19,325192,6291655,,,,,,,,,,,,,,,,,,,,
,24-Nov-23,70,,373,3,325191.0,6291656.0,,,wgs84,19,,,,,,,,,,,,,,,,,,,,,,
,25-Nov-23,70,,396,3,325192.0,6291655.0,,,wgs84,19,,,,,,,,,,,,,,,,,,,,,,
,17-Nov-23,71,,71,3,325195.0,6291619.0,325196.3,6291621.0,wgs84,19,325196,6291621,,,,,,,,,,,,,,,,,,,,
,24-Nov-23,71,,375,3,325197.0,6291622.0,,,wgs84,19,,,,,,,,,,,,,,,,,,,,,,
,25-Nov-23,71,,398,3,325197.0,6291622.0,,,wgs84,19,,,,,,,,,,,,,,,,,,,,,,
,17-Nov-23,13m NW 71,,13NW 71,3,325187.0,6291633.0,325189.0,6291634.3,wgs84,19,325189,6291634,,,,,,,,,,,,,,,,,,,,
,24-Nov-23,13m NW 71,,374,3,325189.0,6291636.0,,,wgs84,19,,,,,,,,,,,,,,,,,,,,,,
,25-Nov-23,13m NW 71,,397,3,325191.0,6291634.0,,,wgs84,19,,,,,,,,,,,,,,,,,,,,,,
,17-Nov-23,47m S 71,,47MS 71,3,325208.0,6291567.0,325207.0,6291567.0,wgs84,19,325207,6291567,,,,,,,,,,,,,,,,,,,,
,24-Nov-23,47m S 71,,377,3,325207.0,6291567.0,,,wgs84,19,,,,,,,,,,,,,,,,,,,,,,
,25-Nov-23,47m S 71,,400,3,325206.0,6291567.0,,,wgs84,19,,,,,,,,,,,,,,,,,,,,,,
,17-Nov-23,8m SE 3,,8MSE 3,3,325178.0,6291619.0,325177.3,6291620.0,wgs84,19,325177,6291620,,,,,,,,,,,,,,,,,,,,
,24-Nov-23,8m SE 3,,376,3,325177.0,6291622.0,,,wgs84,19,,,,,,,,,,,,,,,,,,,,,,
,25-Nov-23,8m SE 3,,399,3,325177.0,6291619.0,,,wgs84,19,,,,,,,,,,,,,,,,,,,,,,
,17-Nov-23,6m SE 5,,6MSE 5,3,325156.0,6291614.0,325156.0,6291615.7,wgs84,19,325156,6291616,,,,,,,,,,,,,,,,,,,,
,24-Nov-23,6m SE 5,,378,3,325156.0,6291617.0,,,wgs84,19,,,,,,,,,,,,,,,,,,,,,,
,25-Nov-23,6m SE 5,,401,3,325156.0,6291616.0,,,wgs84,19,,,,,,,,,,,,,,,,,,,,,,
,17-Nov-23,72,,72,3,325153.0,6291658.0,325152.0,6291659.7,wgs84,19,325152,6291660,,,,,,,,,,,,,,,,,,,,
,24-Nov-23,72,,379,3,325152.0,6291661.0,,,wgs84,19,,,,,,,,,,,,,,,,,,,,,,
,25-Nov-23,72,,402,3,325151.0,6291660.0,,,wgs84,19,,,,,,,,,,,,,,,,,,,,,,
,17-Nov-23,8m SW 72,,8MSW 72,3,325147.0,6291649.0,325147.7,6291650.0,wgs84,19,325148,6291650,,,,,,,,,,,,,,,,,,,,
,24-Nov-23,8m SW 72,,380,3,325147.0,6291651.0,,,wgs84,19,,,,,,,,,,,,,,,,,,,,,,
,25-Nov-23,8m SW 72,,403,3,325149.0,6291650.0,,,wgs84,19,,,,,,,,,,,,,,,,,,,,,,
,17-Nov-23,73,,73,3,325140.0,6291651.0,325138.7,6291652.3,wgs84,19,325139,6291652,,,,,,,,,,,,,,,,,,,,
,24-Nov-23,73,,382,3,325137.0,6291653.0,,,wgs84,19,,,,,,,,,,,,,,,,,,,,,,
,25-Nov-23,73,,405,3,325139.0,6291653.0,,,wgs84,19,,,,,,,,,,,,,,,,,,,,,,
,17-Nov-23,74,,74,3,325130.0,6291658.0,325129.0,6291658.3,wgs84,19,325129,6291658,,,,,,,,,,,,,,,,,,,,
,24-Nov-23,74,,383,3,325128.0,6291659.0,,,wgs84,19,,,,,,,,,,,,,,,,,,,,,,
,25-Nov-23,74,,406,3,325129.0,6291658.0,,,wgs84,19,,,,,,,,,,,,,,,,,,,,,,
,17-Nov-23,75,,75,3,325132.0,6291662.0,325131.3,6291664.0,wgs84,19,325131,6291664,,,,,,,,,,,,,,,,,,,,
,24-Nov-23,75,,384,3,325131.0,6291665.0,,,wgs84,19,,,,,,,,,,,,,,,,,,,,,,
,25-Nov-23,75,,407,3,325131.0,6291665.0,,,wgs84,19,,,,,,,,,,,,,,,,,,,,,,
,17-Nov-23,11m SE 25,,11MSE 25,3,325140.0,6291638.0,325141.0,6291640.7,wgs84,19,325141,6291641,,,,,,,,,,,,,,,,,,,,
,24-Nov-23,11m SE 25,,381,3,325141.0,6291643.0,,,wgs84,19,,,,,,,,,,,,,,,,,,,,,,
,25-Nov-23,11m SE 25,,404,3,325142.0,6291641.0,,,wgs84,19,,,,,,,,,,,,,,,,,,,,,,
,17-Nov-23,76,,76,3,324989.0,6291724.0,324988.0,6291725.7,wgs84,19,324988,6291726,,,,,,,,,,,,,,,,,,,,
,24-Nov-23,76,,385,3,324988.0,6291726.0,,,wgs84,19,,,,,,,,,,,,,,,,,,,,,,
,25-Nov-23,76,,408,3,324987.0,6291727.0,,,wgs84,19,,,,,,,,,,,,,,,,,,,,,,
,17-Nov-23,18m SE 59,,18MSE 59,3,325130.0,6291737.0,325129.3,6291738.0,wgs84,19,325129,6291738,,,,,,,,,,,,,,,,,,,,
,24-Nov-23,18m SE 59,,386,3,325129.0,6291739.0,,,wgs84,19,,,,,,,,,,,,,,,,,,,,,,
,25-Nov-23,18m SE 59,,409,3,325129.0,6291738.0,,,wgs84,19,,,,,,,,,,,,,,,,,,,,,,
,17-Nov-23,77,,77,3,325174.0,6291749.0,325174.7,6291750.7,wgs84,19,325175,6291751,,,,,,,,,,,,,,,,,,,,
,24-Nov-23,77,,387,3,325176.0,6291751.0,,,wgs84,19,,,,,,,,,,,,,,,,,,,,,,
,25-Nov-23,77,,410,3,325174.0,6291752.0,,,wgs84,19,,,,,,,,,,,,,,,,,,,,,,
,17-Nov-23,7m N 17,,7MN 17,3,325179.0,6291754.0,325180.3,6291756.0,wgs84,19,325180,6291756,,,,,,,,,,,,,,,,,,,,
,24-Nov-23,7m N 17,,388,3,325182.0,6291757.0,,,wgs84,19,,,,,,,,,,,,,,,,,,,,,,
,25-Nov-23,7m N 17,,411,3,325180.0,6291757.0,,,wgs84,19,,,,,,,,,,,,,,,,,,,,,,
,17-Nov-23,78,,78,3,325181.0,6291715.0,325181.7,6291716.0,wgs84,19,325182,6291716,,,,,,,,,,,,,,,,,,,,
,24-Nov-23,78,,389,3,325182.0,6291716.0,,,wgs84,19,,,,,,,,,,,,,,,,,,,,,,
,25-Nov-23,78,,412,3,325182.0,6291717.0,,,wgs84,19,,,,,,,,,,,,,,,,,,,,,,
,17-Nov-23,79,,79,3,325201.0,6291719.0,325202.0,6291720.7,wgs84,19,325202,6291721,,,,,,,,,,,,,,,,,,,,
,24-Nov-23,79,,391,3,325202.0,6291721.0,,,wgs84,19,,,,,,,,,,,,,,,,,,,,,,
,25-Nov-23,79,,414,3,325203.0,6291722.0,,,wgs84,19,,,,,,,,,,,,,,,,,,,,,,
,17-Nov-23,10m N 33,,10MN 33,3,325189.0,6291706.0,325190.7,6291707.3,wgs84,19,325191,6291707,,,,,,,,,,,,,,,,,,,,
,24-Nov-23,10m N 33,,390,3,325191.0,6291708.0,,,wgs84,19,,,,,,,,,,,,,,,,,,,,,,
,25-Nov-23,10m N 33,,413,3,325192.0,6291708.0,,,wgs84,19,,,,,,,,,,,,,,,,,,,,,,
,17-Nov-23,80,,80,3,325214.0,6291715.0,325213.7,6291715.7,wgs84,19,325214,6291716,,,,,,,,,,,,,,,,,,,,
,24-Nov-23,80,,393,3,325214.0,6291715.0,,,wgs84,19,,,,,,,,,,,,,,,,,,,,,,
,25-Nov-23,80,,416,3,325213.0,6291717.0,,,wgs84,19,,,,,,,,,,,,,,,,,,,,,,
,17-Nov-23,9m W 67,,9MW 67,3,325211.0,6291706.0,325210.0,6291705.3,wgs84,19,325210,6291705,,,,,,,,,,,,,,,,,,,,
,24-Nov-23,9m W 67,,392,3,325210.0,6291705.0,,,wgs84,19,,,,,,,,,,,,,,,,,,,,,,
,25-Nov-23,9m W 67,,415,3,325209.0,6291705.0,,,wgs84,19,,,,,,,,,,,,,,,,,,,,,,
,17-Nov-23,81,,81,3,325232.0,6291745.0,325232.3,6291747.0,wgs84,19,325232,6291747,,,,,,,,,,,,,,,,,,,,
,24-Nov-23,81,,394,3,325232.0,6291746.0,,,wgs84,19,,,,,,,,,,,,,,,,,,,,,,
,25-Nov-23,81,,417,3,325233.0,6291750.0,,,wgs84,19,,,,,,,,,,,,,,,,,,,,,,
,09-Nov-23,82,,82,3,325121.0,6291688.0,325123.0,6291689.7,wgs84,19,325123,6291690,,,,,,,,,,,,,,,,,,,,
,13-Nov-23,82,,418,3,325127.0,6291692.0,,,wgs84,19,,,,,,,,,,,,,,,,,,,,,,
,16-Nov-23,82,,432,3,325121.0,6291689.0,,,wgs84,19,,,,,,,,,,,,,,,,,,,,,,
,09-Nov-23,15m SO31,,15M SO31,3,325120.0,6291665.0,325121.0,6291666.7,wgs84,19,325121,6291667,,,,,,,,,,,,,,,,,,,,
,13-Nov-23,15m SO31,,419,3,325121.0,6291668.0,,,wgs84,19,,,,,,,,,,,,,,,,,,,,,,
,16-Nov-23,15m SO31,,433,3,325122.0,6291667.0,,,wgs84,19,,,,,,,,,,,,,,,,,,,,,,
,09-Nov-23,83,,83,3,325139.0,6291641.0,325139.3,6291640.7,wgs84,19,325139,6291641,,,,,,,,,,,,,,,,,,,,
,13-Nov-23,83,,420,3,325140.0,6291640.0,,,wgs84,19,,,,,,,,,,,,,,,,,,,,,,
,16-Nov-23,83,,434,3,325139.0,6291641.0,,,wgs84,19,,,,,,,,,,,,,,,,,,,,,,
,09-Nov-23,12m O83,,12M O83,3,325129.0,6291637.0,325127.7,6291637.3,wgs84,19,325128,6291637,,,,,,,,,,,,,,,,,,,,
,13-Nov-23,12m O83,,421,3,325127.0,6291637.0,,,wgs84,19,,,,,,,,,,,,,,,,,,,,,,
,16-Nov-23,12m O83,,435,3,325127.0,6291638.0,,,wgs84,19,,,,,,,,,,,,,,,,,,,,,,
,09-Nov-23,85,,85,3,325213.0,6291693.0,325213.7,6291695.3,wgs84,19,325214,6291695,,,,,,,,,,,,,,,,,,,,
,13-Nov-23,85,,422,3,325214.0,6291695.0,,,wgs84,19,,,,,,,,,,,,,,,,,,,,,,
,16-Nov-23,85,,436,3,325214.0,6291698.0,,,wgs84,19,,,,,,,,,,,,,,,,,,,,,,
,09-Nov-23,9m E46,,9M E46,3,325177.0,6291681.0,325177.3,6291681.7,wgs84,19,325177,6291682,,,,,,,,,,,,,,,,,,,,
,13-Nov-23,9m E46,,424,3,325177.0,6291682.0,,,wgs84,19,,,,,,,,,,,,,,,,,,,,,,
,16-Nov-23,9m E46,,438,3,325178.0,6291682.0,,,wgs84,19,,,,,,,,,,,,,,,,,,,,,,
,09-Nov-23,10m N6,,10M N6,3,325179.0,6291734.0,325181.7,6291735.3,wgs84,19,325182,6291735,,,,,,,,,,,,,,,,,,,,
,13-Nov-23,10m N6,,425,3,325183.0,6291736.0,,,wgs84,19,,,,,,,,,,,,,,,,,,,,,,
,16-Nov-23,10m N6,,439,3,325183.0,6291736.0,,,wgs84,19,,,,,,,,,,,,,,,,,,,,,,
,09-Nov-23,86,,86,3,325227.0,6291749.0,325228.0,6291750.3,wgs84,19,325228,6291750,,,,,,,,,,,,,,,,,,,,
,13-Nov-23,86,,426,3,325229.0,6291751.0,,,wgs84,19,,,,,,,,,,,,,,,,,,,,,,
,16-Nov-23,86,,440,3,325228.0,6291751.0,,,wgs84,19,,,,,,,,,,,,,,,,,,,,,,
,09-Nov-23,87,,87,3,325150.0,6291796.0,325150.0,6291797.7,wgs84,19,325150,6291798,,,,,,,,,,,,,,,,,,,,
,13-Nov-23,87,,427,3,325150.0,6291799.0,,,wgs84,19,,,,,,,,,,,,,,,,,,,,,,
,16-Nov-23,87,,441,3,325150.0,6291798.0,,,wgs84,19,,,,,,,,,,,,,,,,,,,,,,
,09-Nov-23,88,,88,3,325165.0,6291804.0,325165.3,6291804.7,wgs84,19,325165,6291805,,,,,,,,,,,,,,,,,,,,
,13-Nov-23,88,,428,3,325166.0,6291805.0,,,wgs84,19,,,,,,,,,,,,,,,,,,,,,,
,16-Nov-23,88,,442,3,325165.0,6291805.0,,,wgs84,19,,,,,,,,,,,,,,,,,,,,,,
,09-Nov-23,89,,89,3,325162.0,6291796.0,325164.3,6291802.0,wgs84,19,325164,6291802,,,,,,,,,,,,,,,,,,,,
,13-Nov-23,89,,429,3,325166.0,6291805.0,,,wgs84,19,,,,,,,,,,,,,,,,,,,,,,
,16-Nov-23,89,,443,3,325165.0,6291805.0,,,wgs84,19,,,,,,,,,,,,,,,,,,,,,,
,09-Nov-23,6m NO43,,6M NO43,3,325161.0,6291766.0,325159.7,6291764.7,wgs84,19,325160,6291765,,,,,,,,,,,,,,,,,,,,
,13-Nov-23,6m NO43,,430,3,325159.0,6291765.0,,,wgs84,19,,,,,,,,,,,,,,,,,,,,,,
,16-Nov-23,6m NO43,,444,3,325159.0,6291763.0,,,wgs84,19,,,,,,,,,,,,,,,,,,,,,,
,09-Nov-23,90,,90,3,325149.0,6291756.0,325150.3,6291757.3,wgs84,19,325150,6291757,,,,,,,,,,,,,,,,,,,,
,13-Nov-23,90,,431,3,325151.0,6291759.0,,,wgs84,19,,,,,,,,,,,,,,,,,,,,,,
,16-Nov-23,90,,445,3,325151.0,6291757.0,,,wgs84,19,,,,,,,,,,,,,,,,,,,,,,
,09-Nov-23,84,,84,3,325205.0,6291703.0,325205.7,6291703.7,wgs84,19,325206,6291704,,,,,,,,,,,,,,,,,,,,
,13-Nov-23,84,,423,3,325206.0,6291703.0,,,wgs84,19,,,,,,,,,,,,,,,,,,,,,,
,16-Nov-23,84,,437,3,325206.0,6291705.0,,,wgs84,19,,,,,,,,,,,,,,,,,,,,,,
,,,,,,,,,,,,,,,,,,,,,,,,,,,,,,,,,
,,,,,,,,,,,,,,,,,,,,,,,,,,,,,,,,,
,,,,,,,,,,,,,,,,,,,,,,,,,,,,,,,,,
,,,,,,,,,,,,,,,,,,,,,,,,,,,,,,,,,
,,,,,,,,,,,,,,,,,,,,,,,,,,,,,,,,,
,,,,,,,,,,,,,,,,,,,,,,,,,,,,,,,,,
,,,,,,,,,,,,,,,,,,,,,,,,,,,,,,,,,
,,,,,,,,,,,,,,,,,,,,,,,,,,,,,,,,,
,,,,,,,,,,,,,,,,,,,,,,,,,,,,,,,,,
,,,,,,,,,,,,,,,,,,,,,,,,,,,,,,,,,
,,,,,,,,,,,,,,,,,,,,,,,,,,,,,,,,,
,,,,,,,,,,,,,,,,,,,,,,,,,,,,,,,,,
,,,,,,,,,,,,,,,,,,,,,,,,,,,,,,,,,
,,,,,,,,,,,,,,,,,,,,,,,,,,,,,,,,,
,,,,,,,,,,,,,,,,,,,,,,,,,,,,,,,,,
,,,,,,,,,,,,,,,,,,,,,,,,,,,,,,,,,
,,,,,,,,,,,,,,,,,,,,,,,,,,,,,,,,,
,,,,,,,,,,,,,,,,,,,,,,,,,,,,,,,,,
,,,,,,,,,,,,,,,,,,,,,,,,,,,,,,,,,
,,,,,,,,,,,,,,,,,,,,,,,,,,,,,,,,,
,,,,,,,,,,,,,,,,,,,,,,,,,,,,,,,,,
,,,,,,,,,,,,,,,,,,,,,,,,,,,,,,,,,
,,,,,,,,,,,,,,,,,,,,,,,,,,,,,,,,,
,,,,,,,,,,,,,,,,,,,,,,,,,,,,,,,,,
,,,,,,,,,,,,,,,,,,,,,,,,,,,,,,,,,
,,,,,,,,,,,,,,,,,,,,,,,,,,,,,,,,,
,,,,,,,,,,,,,,,,,,,,,,,,,,,,,,,,,
,,,,,,,,,,,,,,,,,,,,,,,,,,,,,,,,,
,,,,,,,,,,,,,,,,,,,,,,,,,,,,,,,,,
,,,,,,,,,,,,,,,,,,,,,,,,,,,,,,,,,
,,,,,,,,,,,,,,,,,,,,,,,,,,,,,,,,,
,,,,,,,,,,,,,,,,,,,,,,,,,,,,,,,,,
,,,,,,,,,,,,,,,,,,,,,,,,,,,,,,,,,
,,,,,,,,,,,,,,,,,,,,,,,,,,,,,,,,,
,,,,,,,,,,,,,,,,,,,,,,,,,,,,,,,,,
,,,,,,,,,,,,,,,,,,,,,,,,,,,,,,,,,
,,,,,,,,,,,,,,,,,,,,,,,,,,,,,,,,,
,,,,,,,,,,,,,,,,,,,,,,,,,,,,,,,,,
,,,,,,,,,,,,,,,,,,,,,,,,,,,,,,,,,
,,,,,,,,,,,,,,,,,,,,,,,,,,,,,,,,,
,,,,,,,,,,,,,,,,,,,,,,,,,,,,,,,,,
,,,,,,,,,,,,,,,,,,,,,,,,,,,,,,,,,
,,,,,,,,,,,,,,,,,,,,,,,,,,,,,,,,,
,,,,,,,,,,,,,,,,,,,,,,,,,,,,,,,,,
,,,,,,,,,,,,,,,,,,,,,,,,,,,,,,,,,
,,,,,,,,,,,,,,,,,,,,,,,,,,,,,,,,,
,,,,,,,,,,,,,,,,,,,,,,,,,,,,,,,,,
,,,,,,,,,,,,,,,,,,,,,,,,,,,,,,,,,
,,,,,,,,,,,,,,,,,,,,,,,,,,,,,,,,,
,,,,,,,,,,,,,,,,,,,,,,,,,,,,,,,,,
,,,,,,,,,,,,,,,,,,,,,,,,,,,,,,,,,
,,,,,,,,,,,,,,,,,,,,,,,,,,,,,,,,,
,,,,,,,,,,,,,,,,,,,,,,,,,,,,,,,,,
,,,,,,,,,,,,,,,,,,,,,,,,,,,,,,,,,
,,,,,,,,,,,,,,,,,,,,,,,,,,,,,,,,,
,,,,,,,,,,,,,,,,,,,,,,,,,,,,,,,,,
,,,,,,,,,,,,,,,,,,,,,,,,,,,,,,,,,
,,,,,,,,,,,,,,,,,,,,,,,,,,,,,,,,,
,,,,,,,,,,,,,,,,,,,,,,,,,,,,,,,,,
,,,,,,,,,,,,,,,,,,,,,,,,,,,,,,,,,
,,,,,,,,,,,,,,,,,,,,,,,,,,,,,,,,,
,,,,,,,,,,,,,,,,,,,,,,,,,,,,,,,,,
,,,,,,,,,,,,,,,,,,,,,,,,,,,,,,,,,
,,,,,,,,,,,,,,,,,,,,,,,,,,,,,,,,,
,,,,,,,,,,,,,,,,,,,,,,,,,,,,,,,,,
,,,,,,,,,,,,,,,,,,,,,,,,,,,,,,,,,
,,,,,,,,,,,,,,,,,,,,,,,,,,,,,,,,,
,,,,,,,,,,,,,,,,,,,,,,,,,,,,,,,,,
,,,,,,,,,,,,,,,,,,,,,,,,,,,,,,,,,
,,,,,,,,,,,,,,,,,,,,,,,,,,,,,,,,,
,,,,,,,,,,,,,,,,,,,,,,,,,,,,,,,,,
,,,,,,,,,,,,,,,,,,,,,,,,,,,,,,,,,
,,,,,,,,,,,,,,,,,,,,,,,,,,,,,,,,,
,,,,,,,,,,,,,,,,,,,,,,,,,,,,,,,,,
,,,,,,,,,,,,,,,,,,,,,,,,,,,,,,,,,
,,,,,,,,,,,,,,,,,,,,,,,,,,,,,,,,,
,,,,,,,,,,,,,,,,,,,,,,,,,,,,,,,,,
,,,,,,,,,,,,,,,,,,,,,,,,,,,,,,,,,
,,,,,,,,,,,,,,,,,,,,,,,,,,,,,,,,,
,,,,,,,,,,,,,,,,,,,,,,,,,,,,,,,,,
,,,,,,,,,,,,,,,,,,,,,,,,,,,,,,,,,
,,,,,,,,,,,,,,,,,,,,,,,,,,,,,,,,,
,,,,,,,,,,,,,,,,,,,,,,,,,,,,,,,,,
,,,,,,,,,,,,,,,,,,,,,,,,,,,,,,,,,
,,,,,,,,,,,,,,,,,,,,,,,,,,,,,,,,,
,,,,,,,,,,,,,,,,,,,,,,,,,,,,,,,,,
,,,,,,,,,,,,,,,,,,,,,,,,,,,,,,,,,
,,,,,,,,,,,,,,,,,,,,,,,,,,,,,,,,,
,,,,,,,,,,,,,,,,,,,,,,,,,,,,,,,,,
,,,,,,,,,,,,,,,,,,,,,,,,,,,,,,,,,
,,,,,,,,,,,,,,,,,,,,,,,,,,,,,,,,,
,,,,,,,,,,,,,,,,,,,,,,,,,,,,,,,,,
,,,,,,,,,,,,,,,,,,,,,,,,,,,,,,,,,
,,,,,,,,,,,,,,,,,,,,,,,,,,,,,,,,,
,,,,,,,,,,,,,,,,,,,,,,,,,,,,,,,,,
,,,,,,,,,,,,,,,,,,,,,,,,,,,,,,,,,
,,,,,,,,,,,,,,,,,,,,,,,,,,,,,,,,,
,,,,,,,,,,,,,,,,,,,,,,,,,,,,,,,,,
,,,,,,,,,,,,,,,,,,,,,,,,,,,,,,,,,
,,,,,,,,,,,,,,,,,,,,,,,,,,,,,,,,,
,,,,,,,,,,,,,,,,,,,,,,,,,,,,,,,,,
,,,,,,,,,,,,,,,,,,,,,,,,,,,,,,,,,
,,,,,,,,,,,,,,,,,,,,,,,,,,,,,,,,,
,,,,,,,,,,,,,,,,,,,,,,,,,,,,,,,,,
,,,,,,,,,,,,,,,,,,,,,,,,,,,,,,,,,
,,,,,,,,,,,,,,,,,,,,,,,,,,,,,,,,,
,,,,,,,,,,,,,,,,,,,,,,,,,,,,,,,,,
,,,,,,,,,,,,,,,,,,,,,,,,,,,,,,,,,
,,,,,,,,,,,,,,,,,,,,,,,,,,,,,,,,,
,,,,,,,,,,,,,,,,,,,,,,,,,,,,,,,,,
,,,,,,,,,,,,,,,,,,,,,,,,,,,,,,,,,
,,,,,,,,,,,,,,,,,,,,,,,,,,,,,,,,,
,,,,,,,,,,,,,,,,,,,,,,,,,,,,,,,,,
,,,,,,,,,,,,,,,,,,,,,,,,,,,,,,,,,
,,,,,,,,,,,,,,,,,,,,,,,,,,,,,,,,,
,,,,,,,,,,,,,,,,,,,,,,,,,,,,,,,,,
,,,,,,,,,,,,,,,,,,,,,,,,,,,,,,,,,
,,,,,,,,,,,,,,,,,,,,,,,,,,,,,,,,,
,,,,,,,,,,,,,,,,,,,,,,,,,,,,,,,,,
,,,,,,,,,,,,,,,,,,,,,,,,,,,,,,,,,
,,,,,,,,,,,,,,,,,,,,,,,,,,,,,,,,,
,,,,,,,,,,,,,,,,,,,,,,,,,,,,,,,,,
,,,,,,,,,,,,,,,,,,,,,,,,,,,,,,,,,
,,,,,,,,,,,,,,,,,,,,,,,,,,,,,,,,,
,,,,,,,,,,,,,,,,,,,,,,,,,,,,,,,,,
,,,,,,,,,,,,,,,,,,,,,,,,,,,,,,,,,
,,,,,,,,,,,,,,,,,,,,,,,,,,,,,,,,,
,,,,,,,,,,,,,,,,,,,,,,,,,,,,,,,,,
,,,,,,,,,,,,,,,,,,,,,,,,,,,,,,,,,
,,,,,,,,,,,,,,,,,,,,,,,,,,,,,,,,,
,,,,,,,,,,,,,,,,,,,,,,,,,,,,,,,,,
,,,,,,,,,,,,,,,,,,,,,,,,,,,,,,,,,
,,,,,,,,,,,,,,,,,,,,,,,,,,,,,,,,,
,,,,,,,,,,,,,,,,,,,,,,,,,,,,,,,,,
,,,,,,,,,,,,,,,,,,,,,,,,,,,,,,,,,
,,,,,,,,,,,,,,,,,,,,,,,,,,,,,,,,,
,,,,,,,,,,,,,,,,,,,,,,,,,,,,,,,,,
,,,,,,,,,,,,,,,,,,,,,,,,,,,,,,,,,
,,,,,,,,,,,,,,,,,,,,,,,,,,,,,,,,,
,,,,,,,,,,,,,,,,,,,,,,,,,,,,,,,,,
,,,,,,,,,,,,,,,,,,,,,,,,,,,,,,,,,
,,,,,,,,,,,,,,,,,,,,,,,,,,,,,,,,,
,,,,,,,,,,,,,,,,,,,,,,,,,,,,,,,,,
,,,,,,,,,,,,,,,,,,,,,,,,,,,,,,,,,
,,,,,,,,,,,,,,,,,,,,,,,,,,,,,,,,,
,,,,,,,,,,,,,,,,,,,,,,,,,,,,,,,,,
,,,,,,,,,,,,,,,,,,,,,,,,,,,,,,,,,
,,,,,,,,,,,,,,,,,,,,,,,,,,,,,,,,,
,,,,,,,,,,,,,,,,,,,,,,,,,,,,,,,,,
,,,,,,,,,,,,,,,,,,,,,,,,,,,,,,,,,
,,,,,,,,,,,,,,,,,,,,,,,,,,,,,,,,,
,,,,,,,,,,,,,,,,,,,,,,,,,,,,,,,,,
,,,,,,,,,,,,,,,,,,,,,,,,,,,,,,,,,
,,,,,,,,,,,,,,,,,,,,,,,,,,,,,,,,,
,,,,,,,,,,,,,,,,,,,,,,,,,,,,,,,,,
,,,,,,,,,,,,,,,,,,,,,,,,,,,,,,,,,
,,,,,,,,,,,,,,,,,,,,,,,,,,,,,,,,,
,,,,,,,,,,,,,,,,,,,,,,,,,,,,,,,,,
,,,,,,,,,,,,,,,,,,,,,,,,,,,,,,,,,
,,,,,,,,,,,,,,,,,,,,,,,,,,,,,,,,,
,,,,,,,,,,,,,,,,,,,,,,,,,,,,,,,,,
,,,,,,,,,,,,,,,,,,,,,,,,,,,,,,,,,
,,,,,,,,,,,,,,,,,,,,,,,,,,,,,,,,,
,,,,,,,,,,,,,,,,,,,,,,,,,,,,,,,,,
,,,,,,,,,,,,,,,,,,,,,,,,,,,,,,,,,
,,,,,,,,,,,,,,,,,,,,,,,,,,,,,,,,,
,,,,,,,,,,,,,,,,,,,,,,,,,,,,,,,,,
,,,,,,,,,,,,,,,,,,,,,,,,,,,,,,,,,
,,,,,,,,,,,,,,,,,,,,,,,,,,,,,,,,,
,,,,,,,,,,,,,,,,,,,,,,,,,,,,,,,,,
,,,,,,,,,,,,,,,,,,,,,,,,,,,,,,,,,
,,,,,,,,,,,,,,,,,,,,,,,,,,,,,,,,,
,,,,,,,,,,,,,,,,,,,,,,,,,,,,,,,,,
,,,,,,,,,,,,,,,,,,,,,,,,,,,,,,,,,
,,,,,,,,,,,,,,,,,,,,,,,,,,,,,,,,,
,,,,,,,,,,,,,,,,,,,,,,,,,,,,,,,,,
,,,,,,,,,,,,,,,,,,,,,,,,,,,,,,,,,
,,,,,,,,,,,,,,,,,,,,,,,,,,,,,,,,,
,,,,,,,,,,,,,,,,,,,,,,,,,,,,,,,,,
,,,,,,,,,,,,,,,,,,,,,,,,,,,,,,,,,
,,,,,,,,,,,,,,,,,,,,,,,,,,,,,,,,,
,,,,,,,,,,,,,,,,,,,,,,,,,,,,,,,,,
,,,,,,,,,,,,,,,,,,,,,,,,,,,,,,,,,
,,,,,,,,,,,,,,,,,,,,,,,,,,,,,,,,,
,,,,,,,,,,,,,,,,,,,,,,,,,,,,,,,,,
,,,,,,,,,,,,,,,,,,,,,,,,,,,,,,,,,
,,,,,,,,,,,,,,,,,,,,,,,,,,,,,,,,,
,,,,,,,,,,,,,,,,,,,,,,,,,,,,,,,,,
,,,,,,,,,,,,,,,,,,,,,,,,,,,,,,,,,
,,,,,,,,,,,,,,,,,,,,,,,,,,,,,,,,,
,,,,,,,,,,,,,,,,,,,,,,,,,,,,,,,,,
,,,,,,,,,,,,,,,,,,,,,,,,,,,,,,,,,
,,,,,,,,,,,,,,,,,,,,,,,,,,,,,,,,,
,,,,,,,,,,,,,,,,,,,,,,,,,,,,,,,,,
,,,,,,,,,,,,,,,,,,,,,,,,,,,,,,,,,
,,,,,,,,,,,,,,,,,,,,,,,,,,,,,,,,,
,,,,,,,,,,,,,,,,,,,,,,,,,,,,,,,,,
,,,,,,,,,,,,,,,,,,,,,,,,,,,,,,,,,
,,,,,,,,,,,,,,,,,,,,,,,,,,,,,,,,,
,,,,,,,,,,,,,,,,,,,,,,,,,,,,,,,,,
,,,,,,,,,,,,,,,,,,,,,,,,,,,,,,,,,
,,,,,,,,,,,,,,,,,,,,,,,,,,,,,,,,,
,,,,,,,,,,,,,,,,,,,,,,,,,,,,,,,,,
,,,,,,,,,,,,,,,,,,,,,,,,,,,,,,,,,
,,,,,,,,,,,,,,,,,,,,,,,,,,,,,,,,,
,,,,,,,,,,,,,,,,,,,,,,,,,,,,,,,,,
,,,,,,,,,,,,,,,,,,,,,,,,,,,,,,,,,
,,,,,,,,,,,,,,,,,,,,,,,,,,,,,,,,,
,,,,,,,,,,,,,,,,,,,,,,,,,,,,,,,,,
,,,,,,,,,,,,,,,,,,,,,,,,,,,,,,,,,
,,,,,,,,,,,,,,,,,,,,,,,,,,,,,,,,,
,,,,,,,,,,,,,,,,,,,,,,,,,,,,,,,,,
,,,,,,,,,,,,,,,,,,,,,,,,,,,,,,,,,
,,,,,,,,,,,,,,,,,,,,,,,,,,,,,,,,,
,,,,,,,,,,,,,,,,,,,,,,,,,,,,,,,,,
,,,,,,,,,,,,,,,,,,,,,,,,,,,,,,,,,
,,,,,,,,,,,,,,,,,,,,,,,,,,,,,,,,,
,,,,,,,,,,,,,,,,,,,,,,,,,,,,,,,,,
,,,,,,,,,,,,,,,,,,,,,,,,,,,,,,,,,
,,,,,,,,,,,,,,,,,,,,,,,,,,,,,,,,,
,,,,,,,,,,,,,,,,,,,,,,,,,,,,,,,,,
,,,,,,,,,,,,,,,,,,,,,,,,,,,,,,,,,
,,,,,,,,,,,,,,,,,,,,,,,,,,,,,,,,,
,,,,,,,,,,,,,,,,,,,,,,,,,,,,,,,,,
,,,,,,,,,,,,,,,,,,,,,,,,,,,,,,,,,
,,,,,,,,,,,,,,,,,,,,,,,,,,,,,,,,,
,,,,,,,,,,,,,,,,,,,,,,,,,,,,,,,,,
,,,,,,,,,,,,,,,,,,,,,,,,,,,,,,,,,
,,,,,,,,,,,,,,,,,,,,,,,,,,,,,,,,,
,,,,,,,,,,,,,,,,,,,,,,,,,,,,,,,,,
,,,,,,,,,,,,,,,,,,,,,,,,,,,,,,,,,
,,,,,,,,,,,,,,,,,,,,,,,,,,,,,,,,,
,,,,,,,,,,,,,,,,,,,,,,,,,,,,,,,,,
,,,,,,,,,,,,,,,,,,,,,,,,,,,,,,,,,
,,,,,,,,,,,,,,,,,,,,,,,,,,,,,,,,,
,,,,,,,,,,,,,,,,,,,,,,,,,,,,,,,,,
,,,,,,,,,,,,,,,,,,,,,,,,,,,,,,,,,
,,,,,,,,,,,,,,,,,,,,,,,,,,,,,,,,,
,,,,,,,,,,,,,,,,,,,,,,,,,,,,,,,,,
,,,,,,,,,,,,,,,,,,,,,,,,,,,,,,,,,
,,,,,,,,,,,,,,,,,,,,,,,,,,,,,,,,,
,,,,,,,,,,,,,,,,,,,,,,,,,,,,,,,,,
,,,,,,,,,,,,,,,,,,,,,,,,,,,,,,,,,
,,,,,,,,,,,,,,,,,,,,,,,,,,,,,,,,,
,,,,,,,,,,,,,,,,,,,,,,,,,,,,,,,,,
,,,,,,,,,,,,,,,,,,,,,,,,,,,,,,,,,
,,,,,,,,,,,,,,,,,,,,,,,,,,,,,,,,,
,,,,,,,,,,,,,,,,,,,,,,,,,,,,,,,,,
,,,,,,,,,,,,,,,,,,,,,,,,,,,,,,,,,
,,,,,,,,,,,,,,,,,,,,,,,,,,,,,,,,,
,,,,,,,,,,,,,,,,,,,,,,,,,,,,,,,,,
,,,,,,,,,,,,,,,,,,,,,,,,,,,,,,,,,
,,,,,,,,,,,,,,,,,,,,,,,,,,,,,,,,,
,,,,,,,,,,,,,,,,,,,,,,,,,,,,,,,,,
,,,,,,,,,,,,,,,,,,,,,,,,,,,,,,,,,
,,,,,,,,,,,,,,,,,,,,,,,,,,,,,,,,,
,,,,,,,,,,,,,,,,,,,,,,,,,,,,,,,,,
,,,,,,,,,,,,,,,,,,,,,,,,,,,,,,,,,
,,,,,,,,,,,,,,,,,,,,,,,,,,,,,,,,,
,,,,,,,,,,,,,,,,,,,,,,,,,,,,,,,,,
,,,,,,,,,,,,,,,,,,,,,,,,,,,,,,,,,
,,,,,,,,,,,,,,,,,,,,,,,,,,,,,,,,,
,,,,,,,,,,,,,,,,,,,,,,,,,,,,,,,,,
,,,,,,,,,,,,,,,,,,,,,,,,,,,,,,,,,
,,,,,,,,,,,,,,,,,,,,,,,,,,,,,,,,,
,,,,,,,,,,,,,,,,,,,,,,,,,,,,,,,,,
,,,,,,,,,,,,,,,,,,,,,,,,,,,,,,,,,
,,,,,,,,,,,,,,,,,,,,,,,,,,,,,,,,,
,,,,,,,,,,,,,,,,,,,,,,,,,,,,,,,,,
,,,,,,,,,,,,,,,,,,,,,,,,,,,,,,,,,
,,,,,,,,,,,,,,,,,,,,,,,,,,,,,,,,,
,,,,,,,,,,,,,,,,,,,,,,,,,,,,,,,,,
,,,,,,,,,,,,,,,,,,,,,,,,,,,,,,,,,
,,,,,,,,,,,,,,,,,,,,,,,,,,,,,,,,,
,,,,,,,,,,,,,,,,,,,,,,,,,,,,,,,,,
,,,,,,,,,,,,,,,,,,,,,,,,,,,,,,,,,
,,,,,,,,,,,,,,,,,,,,,,,,,,,,,,,,,
,,,,,,,,,,,,,,,,,,,,,,,,,,,,,,,,,
,,,,,,,,,,,,,,,,,,,,,,,,,,,,,,,,,
,,,,,,,,,,,,,,,,,,,,,,,,,,,,,,,,,
,,,,,,,,,,,,,,,,,,,,,,,,,,,,,,,,,
,,,,,,,,,,,,,,,,,,,,,,,,,,,,,,,,,
,,,,,,,,,,,,,,,,,,,,,,,,,,,,,,,,,
,,,,,,,,,,,,,,,,,,,,,,,,,,,,,,,,,
,,,,,,,,,,,,,,,,,,,,,,,,,,,,,,,,,
,,,,,,,,,,,,,,,,,,,,,,,,,,,,,,,,,
,,,,,,,,,,,,,,,,,,,,,,,,,,,,,,,,,
,,,,,,,,,,,,,,,,,,,,,,,,,,,,,,,,,
,,,,,,,,,,,,,,,,,,,,,,,,,,,,,,,,,
,,,,,,,,,,,,,,,,,,,,,,,,,,,,,,,,,
,,,,,,,,,,,,,,,,,,,,,,,,,,,,,,,,,
,,,,,,,,,,,,,,,,,,,,,,,,,,,,,,,,,
,,,,,,,,,,,,,,,,,,,,,,,,,,,,,,,,,
,,,,,,,,,,,,,,,,,,,,,,,,,,,,,,,,,
,,,,,,,,,,,,,,,,,,,,,,,,,,,,,,,,,
,,,,,,,,,,,,,,,,,,,,,,,,,,,,,,,,,
,,,,,,,,,,,,,,,,,,,,,,,,,,,,,,,,,
,,,,,,,,,,,,,,,,,,,,,,,,,,,,,,,,,
,,,,,,,,,,,,,,,,,,,,,,,,,,,,,,,,,
,,,,,,,,,,,,,,,,,,,,,,,,,,,,,,,,,
,,,,,,,,,,,,,,,,,,,,,,,,,,,,,,,,,
,,,,,,,,,,,,,,,,,,,,,,,,,,,,,,,,,
,,,,,,,,,,,,,,,,,,,,,,,,,,,,,,,,,
,,,,,,,,,,,,,,,,,,,,,,,,,,,,,,,,,
,,,,,,,,,,,,,,,,,,,,,,,,,,,,,,,,,
,,,,,,,,,,,,,,,,,,,,,,,,,,,,,,,,,
,,,,,,,,,,,,,,,,,,,,,,,,,,,,,,,,,
,,,,,,,,,,,,,,,,,,,,,,,,,,,,,,,,,
,,,,,,,,,,,,,,,,,,,,,,,,,,,,,,,,,
,,,,,,,,,,,,,,,,,,,,,,,,,,,,,,,,,
,,,,,,,,,,,,,,,,,,,,,,,,,,,,,,,,,
,,,,,,,,,,,,,,,,,,,,,,,,,,,,,,,,,
,,,,,,,,,,,,,,,,,,,,,,,,,,,,,,,,,
,,,,,,,,,,,,,,,,,,,,,,,,,,,,,,,,,
,,,,,,,,,,,,,,,,,,,,,,,,,,,,,,,,,
,,,,,,,,,,,,,,,,,,,,,,,,,,,,,,,,,
,,,,,,,,,,,,,,,,,,,,,,,,,,,,,,,,,
,,,,,,,,,,,,,,,,,,,,,,,,,,,,,,,,,
,,,,,,,,,,,,,,,,,,,,,,,,,,,,,,,,,
,,,,,,,,,,,,,,,,,,,,,,,,,,,,,,,,,
,,,,,,,,,,,,,,,,,,,,,,,,,,,,,,,,,
,,,,,,,,,,,,,,,,,,,,,,,,,,,,,,,,,
,,,,,,,,,,,,,,,,,,,,,,,,,,,,,,,,,
,,,,,,,,,,,,,,,,,,,,,,,,,,,,,,,,,
,,,,,,,,,,,,,,,,,,,,,,,,,,,,,,,,,
,,,,,,,,,,,,,,,,,,,,,,,,,,,,,,,,,
,,,,,,,,,,,,,,,,,,,,,,,,,,,,,,,,,
,,,,,,,,,,,,,,,,,,,,,,,,,,,,,,,,,
,,,,,,,,,,,,,,,,,,,,,,,,,,,,,,,,,
,,,,,,,,,,,,,,,,,,,,,,,,,,,,,,,,,
,,,,,,,,,,,,,,,,,,,,,,,,,,,,,,,,,
,,,,,,,,,,,,,,,,,,,,,,,,,,,,,,,,,
,,,,,,,,,,,,,,,,,,,,,,,,,,,,,,,,,
,,,,,,,,,,,,,,,,,,,,,,,,,,,,,,,,,
,,,,,,,,,,,,,,,,,,,,,,,,,,,,,,,,,
,,,,,,,,,,,,,,,,,,,,,,,,,,,,,,,,,
,,,,,,,,,,,,,,,,,,,,,,,,,,,,,,,,,
,,,,,,,,,,,,,,,,,,,,,,,,,,,,,,,,,
,,,,,,,,,,,,,,,,,,,,,,,,,,,,,,,,,
,,,,,,,,,,,,,,,,,,,,,,,,,,,,,,,,,
,,,,,,,,,,,,,,,,,,,,,,,,,,,,,,,,,
,,,,,,,,,,,,,,,,,,,,,,,,,,,,,,,,,
,,,,,,,,,,,,,,,,,,,,,,,,,,,,,,,,,
,,,,,,,,,,,,,,,,,,,,,,,,,,,,,,,,,
,,,,,,,,,,,,,,,,,,,,,,,,,,,,,,,,,
,,,,,,,,,,,,,,,,,,,,,,,,,,,,,,,,,
,,,,,,,,,,,,,,,,,,,,,,,,,,,,,,,,,
,,,,,,,,,,,,,,,,,,,,,,,,,,,,,,,,,
,,,,,,,,,,,,,,,,,,,,,,,,,,,,,,,,,
,,,,,,,,,,,,,,,,,,,,,,,,,,,,,,,,,
,,,,,,,,,,,,,,,,,,,,,,,,,,,,,,,,,
,,,,,,,,,,,,,,,,,,,,,,,,,,,,,,,,,
,,,,,,,,,,,,,,,,,,,,,,,,,,,,,,,,,
,,,,,,,,,,,,,,,,,,,,,,,,,,,,,,,,,
,,,,,,,,,,,,,,,,,,,,,,,,,,,,,,,,,
,,,,,,,,,,,,,,,,,,,,,,,,,,,,,,,,,
,,,,,,,,,,,,,,,,,,,,,,,,,,,,,,,,,
,,,,,,,,,,,,,,,,,,,,,,,,,,,,,,,,,
,,,,,,,,,,,,,,,,,,,,,,,,,,,,,,,,,
,,,,,,,,,,,,,,,,,,,,,,,,,,,,,,,,,
,,,,,,,,,,,,,,,,,,,,,,,,,,,,,,,,,
,,,,,,,,,,,,,,,,,,,,,,,,,,,,,,,,,
,,,,,,,,,,,,,,,,,,,,,,,,,,,,,,,,,
,,,,,,,,,,,,,,,,,,,,,,,,,,,,,,,,,
,,,,,,,,,,,,,,,,,,,,,,,,,,,,,,,,,
,,,,,,,,,,,,,,,,,,,,,,,,,,,,,,,,,
,,,,,,,,,,,,,,,,,,,,,,,,,,,,,,,,,
,,,,,,,,,,,,,,,,,,,,,,,,,,,,,,,,,
,,,,,,,,,,,,,,,,,,,,,,,,,,,,,,,,,
,,,,,,,,,,,,,,,,,,,,,,,,,,,,,,,,,
,,,,,,,,,,,,,,,,,,,,,,,,,,,,,,,,,
,,,,,,,,,,,,,,,,,,,,,,,,,,,,,,,,,
,,,,,,,,,,,,,,,,,,,,,,,,,,,,,,,,,
,,,,,,,,,,,,,,,,,,,,,,,,,,,,,,,,,
,,,,,,,,,,,,,,,,,,,,,,,,,,,,,,,,,
,,,,,,,,,,,,,,,,,,,,,,,,,,,,,,,,,
,,,,,,,,,,,,,,,,,,,,,,,,,,,,,,,,,
,,,,,,,,,,,,,,,,,,,,,,,,,,,,,,,,,
,,,,,,,,,,,,,,,,,,,,,,,,,,,,,,,,,
,,,,,,,,,,,,,,,,,,,,,,,,,,,,,,,,,
,,,,,,,,,,,,,,,,,,,,,,,,,,,,,,,,,
,,,,,,,,,,,,,,,,,,,,,,,,,,,,,,,,,
,,,,,,,,,,,,,,,,,,,,,,,,,,,,,,,,,
,,,,,,,,,,,,,,,,,,,,,,,,,,,,,,,,,
,,,,,,,,,,,,,,,,,,,,,,,,,,,,,,,,,
,,,,,,,,,,,,,,,,,,,,,,,,,,,,,,,,,
,,,,,,,,,,,,,,,,,,,,,,,,,,,,,,,,,
,,,,,,,,,,,,,,,,,,,,,,,,,,,,,,,,,
,,,,,,,,,,,,,,,,,,,,,,,,,,,,,,,,,
,,,,,,,,,,,,,,,,,,,,,,,,,,,,,,,,,
,,,,,,,,,,,,,,,,,,,,,,,,,,,,,,,,,
,,,,,,,,,,,,,,,,,,,,,,,,,,,,,,,,,
,,,,,,,,,,,,,,,,,,,,,,,,,,,,,,,,,
,,,,,,,,,,,,,,,,,,,,,,,,,,,,,,,,,
,,,,,,,,,,,,,,,,,,,,,,,,,,,,,,,,,
,,,,,,,,,,,,,,,,,,,,,,,,,,,,,,,,,
,,,,,,,,,,,,,,,,,,,,,,,,,,,,,,,,,
,,,,,,,,,,,,,,,,,,,,,,,,,,,,,,,,,
,,,,,,,,,,,,,,,,,,,,,,,,,,,,,,,,,
,,,,,,,,,,,,,,,,,,,,,,,,,,,,,,,,,
,,,,,,,,,,,,,,,,,,,,,,,,,,,,,,,,,
,,,,,,,,,,,,,,,,,,,,,,,,,,,,,,,,,
,,,,,,,,,,,,,,,,,,,,,,,,,,,,,,,,,
,,,,,,,,,,,,,,,,,,,,,,,,,,,,,,,,,
,,,,,,,,,,,,,,,,,,,,,,,,,,,,,,,,,
,,,,,,,,,,,,,,,,,,,,,,,,,,,,,,,,,
,,,,,,,,,,,,,,,,,,,,,,,,,,,,,,,,,
,,,,,,,,,,,,,,,,,,,,,,,,,,,,,,,,,
,,,,,,,,,,,,,,,,,,,,,,,,,,,,,,,,,
,,,,,,,,,,,,,,,,,,,,,,,,,,,,,,,,,
,,,,,,,,,,,,,,,,,,,,,,,,,,,,,,,,,
,,,,,,,,,,,,,,,,,,,,,,,,,,,,,,,,,
,,,,,,,,,,,,,,,,,,,,,,,,,,,,,,,,,
,,,,,,,,,,,,,,,,,,,,,,,,,,,,,,,,,
,,,,,,,,,,,,,,,,,,,,,,,,,,,,,,,,,
,,,,,,,,,,,,,,,,,,,,,,,,,,,,,,,,,
,,,,,,,,,,,,,,,,,,,,,,,,,,,,,,,,,
,,,,,,,,,,,,,,,,,,,,,,,,,,,,,,,,,
,,,,,,,,,,,,,,,,,,,,,,,,,,,,,,,,,
,,,,,,,,,,,,,,,,,,,,,,,,,,,,,,,,,
,,,,,,,,,,,,,,,,,,,,,,,,,,,,,,,,,
,,,,,,,,,,,,,,,,,,,,,,,,,,,,,,,,,
,,,,,,,,,,,,,,,,,,,,,,,,,,,,,,,,,
,,,,,,,,,,,,,,,,,,,,,,,,,,,,,,,,,
,,,,,,,,,,,,,,,,,,,,,,,,,,,,,,,,,
,,,,,,,,,,,,,,,,,,,,,,,,,,,,,,,,,
,,,,,,,,,,,,,,,,,,,,,,,,,,,,,,,,,
,,,,,,,,,,,,,,,,,,,,,,,,,,,,,,,,,
,,,,,,,,,,,,,,,,,,,,,,,,,,,,,,,,,
,,,,,,,,,,,,,,,,,,,,,,,,,,,,,,,,,
,,,,,,,,,,,,,,,,,,,,,,,,,,,,,,,,,
,,,,,,,,,,,,,,,,,,,,,,,,,,,,,,,,,
,,,,,,,,,,,,,,,,,,,,,,,,,,,,,,,,,
,,,,,,,,,,,,,,,,,,,,,,,,,,,,,,,,,
,,,,,,,,,,,,,,,,,,,,,,,,,,,,,,,,,
,,,,,,,,,,,,,,,,,,,,,,,,,,,,,,,,,
,,,,,,,,,,,,,,,,,,,,,,,,,,,,,,,,,
,,,,,,,,,,,,,,,,,,,,,,,,,,,,,,,,,
,,,,,,,,,,,,,,,,,,,,,,,,,,,,,,,,,
,,,,,,,,,,,,,,,,,,,,,,,,,,,,,,,,,
,,,,,,,,,,,,,,,,,,,,,,,,,,,,,,,,,
,,,,,,,,,,,,,,,,,,,,,,,,,,,,,,,,,
,,,,,,,,,,,,,,,,,,,,,,,,,,,,,,,,,
,,,,,,,,,,,,,,,,,,,,,,,,,,,,,,,,,
,,,,,,,,,,,,,,,,,,,,,,,,,,,,,,,,,
,,,,,,,,,,,,,,,,,,,,,,,,,,,,,,,,,
,,,,,,,,,,,,,,,,,,,,,,,,,,,,,,,,,
,,,,,,,,,,,,,,,,,,,,,,,,,,,,,,,,,
,,,,,,,,,,,,,,,,,,,,,,,,,,,,,,,,,
,,,,,,,,,,,,,,,,,,,,,,,,,,,,,,,,,
,,,,,,,,,,,,,,,,,,,,,,,,,,,,,,,,,
,,,,,,,,,,,,,,,,,,,,,,,,,,,,,,,,,
,,,,,,,,,,,,,,,,,,,,,,,,,,,,,,,,,
,,,,,,,,,,,,,,,,,,,,,,,,,,,,,,,,,
,,,,,,,,,,,,,,,,,,,,,,,,,,,,,,,,,
,,,,,,,,,,,,,,,,,,,,,,,,,,,,,,,,,
,,,,,,,,,,,,,,,,,,,,,,,,,,,,,,,,,
,,,,,,,,,,,,,,,,,,,,,,,,,,,,,,,,,
,,,,,,,,,,,,,,,,,,,,,,,,,,,,,,,,,
,,,,,,,,,,,,,,,,,,,,,,,,,,,,,,,,,
,,,,,,,,,,,,,,,,,,,,,,,,,,,,,,,,,
,,,,,,,,,,,,,,,,,,,,,,,,,,,,,,,,,
,,,,,,,,,,,,,,,,,,,,,,,,,,,,,,,,,
,,,,,,,,,,,,,,,,,,,,,,,,,,,,,,,,,
,,,,,,,,,,,,,,,,,,,,,,,,,,,,,,,,,
,,,,,,,,,,,,,,,,,,,,,,,,,,,,,,,,,
,,,,,,,,,,,,,,,,,,,,,,,,,,,,,,,,,
,,,,,,,,,,,,,,,,,,,,,,,,,,,,,,,,,
,,,,,,,,,,,,,,,,,,,,,,,,,,,,,,,,,
,,,,,,,,,,,,,,,,,,,,,,,,,,,,,,,,,
,,,,,,,,,,,,,,,,,,,,,,,,,,,,,,,,,
,,,,,,,,,,,,,,,,,,,,,,,,,,,,,,,,,
,,,,,,,,,,,,,,,,,,,,,,,,,,,,,,,,,
,,,,,,,,,,,,,,,,,,,,,,,,,,,,,,,,,
,,,,,,,,,,,,,,,,,,,,,,,,,,,,,,,,,
,,,,,,,,,,,,,,,,,,,,,,,,,,,,,,,,,
,,,,,,,,,,,,,,,,,,,,,,,,,,,,,,,,,
,,,,,,,,,,,,,,,,,,,,,,,,,,,,,,,,,
,,,,,,,,,,,,,,,,,,,,,,,,,,,,,,,,,
,,,,,,,,,,,,,,,,,,,,,,,,,,,,,,,,,
,,,,,,,,,,,,,,,,,,,,,,,,,,,,,,,,,
,,,,,,,,,,,,,,,,,,,,,,,,,,,,,,,,,
,,,,,,,,,,,,,,,,,,,,,,,,,,,,,,,,,
,,,,,,,,,,,,,,,,,,,,,,,,,,,,,,,,,
,,,,,,,,,,,,,,,,,,,,,,,,,,,,,,,,,
,,,,,,,,,,,,,,,,,,,,,,,,,,,,,,,,,
,,,,,,,,,,,,,,,,,,,,,,,,,,,,,,,,,
,,,,,,,,,,,,,,,,,,,,,,,,,,,,,,,,,
,,,,,,,,,,,,,,,,,,,,,,,,,,,,,,,,,
,,,,,,,,,,,,,,,,,,,,,,,,,,,,,,,,,
,,,,,,,,,,,,,,,,,,,,,,,,,,,,,,,,,
,,,,,,,,,,,,,,,,,,,,,,,,,,,,,,,,,
,,,,,,,,,,,,,,,,,,,,,,,,,,,,,,,,,
,,,,,,,,,,,,,,,,,,,,,,,,,,,,,,,,,
,,,,,,,,,,,,,,,,,,,,,,,,,,,,,,,,,
,,,,,,,,,,,,,,,,,,,,,,,,,,,,,,,,,
,,,,,,,,,,,,,,,,,,,,,,,,,,,,,,,,,
,,,,,,,,,,,,,,,,,,,,,,,,,,,,,,,,,
,,,,,,,,,,,,,,,,,,,,,,,,,,,,,,,,,
,,,,,,,,,,,,,,,,,,,,,,,,,,,,,,,,,
,,,,,,,,,,,,,,,,,,,,,,,,,,,,,,,,,
,,,,,,,,,,,,,,,,,,,,,,,,,,,,,,,,,
,,,,,,,,,,,,,,,,,,,,,,,,,,,,,,,,,
,,,,,,,,,,,,,,,,,,,,,,,,,,,,,,,,,
,,,,,,,,,,,,,,,,,,,,,,,,,,,,,,,,,
,,,,,,,,,,,,,,,,,,,,,,,,,,,,,,,,,
,,,,,,,,,,,,,,,,,,,,,,,,,,,,,,,,,
,,,,,,,,,,,,,,,,,,,,,,,,,,,,,,,,,
,,,,,,,,,,,,,,,,,,,,,,,,,,,,,,,,,
,,,,,,,,,,,,,,,,,,,,,,,,,,,,,,,,,
,,,,,,,,,,,,,,,,,,,,,,,,,,,,,,,,,
,,,,,,,,,,,,,,,,,,,,,,,,,,,,,,,,,
,,,,,,,,,,,,,,,,,,,,,,,,,,,,,,,,,
,,,,,,,,,,,,,,,,,,,,,,,,,,,,,,,,,
,,,,,,,,,,,,,,,,,,,,,,,,,,,,,,,,,
,,,,,,,,,,,,,,,,,,,,,,,,,,,,,,,,,
,,,,,,,,,,,,,,,,,,,,,,,,,,,,,,,,,
,,,,,,,,,,,,,,,,,,,,,,,,,,,,,,,,,
,,,,,,,,,,,,,,,,,,,,,,,,,,,,,,,,,
,,,,,,,,,,,,,,,,,,,,,,,,,,,,,,,,,
,,,,,,,,,,,,,,,,,,,,,,,,,,,,,,,,,
,,,,,,,,,,,,,,,,,,,,,,,,,,,,,,,,,
,,,,,,,,,,,,,,,,,,,,,,,,,,,,,,,,,
,,,,,,,,,,,,,,,,,,,,,,,,,,,,,,,,,
,,,,,,,,,,,,,,,,,,,,,,,,,,,,,,,,,
,,,,,,,,,,,,,,,,,,,,,,,,,,,,,,,,,
,,,,,,,,,,,,,,,,,,,,,,,,,,,,,,,,,
,,,,,,,,,,,,,,,,,,,,,,,,,,,,,,,,,
,,,,,,,,,,,,,,,,,,,,,,,,,,,,,,,,,
,,,,,,,,,,,,,,,,,,,,,,,,,,,,,,,,,
,,,,,,,,,,,,,,,,,,,,,,,,,,,,,,,,,
,,,,,,,,,,,,,,,,,,,,,,,,,,,,,,,,,
,,,,,,,,,,,,,,,,,,,,,,,,,,,,,,,,,
,,,,,,,,,,,,,,,,,,,,,,,,,,,,,,,,,
,,,,,,,,,,,,,,,,,,,,,,,,,,,,,,,,,
,,,,,,,,,,,,,,,,,,,,,,,,,,,,,,,,,
,,,,,,,,,,,,,,,,,,,,,,,,,,,,,,,,,
,,,,,,,,,,,,,,,,,,,,,,,,,,,,,,,,,
,,,,,,,,,,,,,,,,,,,,,,,,,,,,,,,,,
,,,,,,,,,,,,,,,,,,,,,,,,,,,,,,,,,
,,,,,,,,,,,,,,,,,,,,,,,,,,,,,,,,,
,,,,,,,,,,,,,,,,,,,,,,,,,,,,,,,,,
,,,,,,,,,,,,,,,,,,,,,,,,,,,,,,,,,
,,,,,,,,,,,,,,,,,,,,,,,,,,,,,,,,,
,,,,,,,,,,,,,,,,,,,,,,,,,,,,,,,,,
,,,,,,,,,,,,,,,,,,,,,,,,,,,,,,,,,
,,,,,,,,,,,,,,,,,,,,,,,,,,,,,,,,,
,,,,,,,,,,,,,,,,,,,,,,,,,,,,,,,,,
,,,,,,,,,,,,,,,,,,,,,,,,,,,,,,,,,
,,,,,,,,,,,,,,,,,,,,,,,,,,,,,,,,,
,,,,,,,,,,,,,,,,,,,,,,,,,,,,,,,,,
,,,,,,,,,,,,,,,,,,,,,,,,,,,,,,,,,
,,,,,,,,,,,,,,,,,,,,,,,,,,,,,,,,,
,,,,,,,,,,,,,,,,,,,,,,,,,,,,,,,,,
,,,,,,,,,,,,,,,,,,,,,,,,,,,,,,,,,
,,,,,,,,,,,,,,,,,,,,,,,,,,,,,,,,,
,,,,,,,,,,,,,,,,,,,,,,,,,,,,,,,,,
,,,,,,,,,,,,,,,,,,,,,,,,,,,,,,,,,
,,,,,,,,,,,,,,,,,,,,,,,,,,,,,,,,,
,,,,,,,,,,,,,,,,,,,,,,,,,,,,,,,,,
,,,,,,,,,,,,,,,,,,,,,,,,,,,,,,,,,
,,,,,,,,,,,,,,,,,,,,,,,,,,,,,,,,,
,,,,,,,,,,,,,,,,,,,,,,,,,,,,,,,,,
,,,,,,,,,,,,,,,,,,,,,,,,,,,,,,,,,
,,,,,,,,,,,,,,,,,,,,,,,,,,,,,,,,,
,,,,,,,,,,,,,,,,,,,,,,,,,,,,,,,,,
,,,,,,,,,,,,,,,,,,,,,,,,,,,,,,,,,
,,,,,,,,,,,,,,,,,,,,,,,,,,,,,,,,,
,,,,,,,,,,,,,,,,,,,,,,,,,,,,,,,,,
,,,,,,,,,,,,,,,,,,,,,,,,,,,,,,,,,
,,,,,,,,,,,,,,,,,,,,,,,,,,,,,,,,,
,,,,,,,,,,,,,,,,,,,,,,,,,,,,,,,,,
,,,,,,,,,,,,,,,,,,,,,,,,,,,,,,,,,
,,,,,,,,,,,,,,,,,,,,,,,,,,,,,,,,,
,,,,,,,,,,,,,,,,,,,,,,,,,,,,,,,,,
,,,,,,,,,,,,,,,,,,,,,,,,,,,,,,,,,
,,,,,,,,,,,,,,,,,,,,,,,,,,,,,,,,,
,,,,,,,,,,,,,,,,,,,,,,,,,,,,,,,,,
,,,,,,,,,,,,,,,,,,,,,,,,,,,,,,,,,
,,,,,,,,,,,,,,,,,,,,,,,,,,,,,,,,,
,,,,,,,,,,,,,,,,,,,,,,,,,,,,,,,,,
,,,,,,,,,,,,,,,,,,,,,,,,,,,,,,,,,
,,,,,,,,,,,,,,,,,,,,,,,,,,,,,,,,,
,,,,,,,,,,,,,,,,,,,,,,,,,,,,,,,,,
,,,,,,,,,,,,,,,,,,,,,,,,,,,,,,,,,
,,,,,,,,,,,,,,,,,,,,,,,,,,,,,,,,,
,,,,,,,,,,,,,,,,,,,,,,,,,,,,,,,,,
,,,,,,,,,,,,,,,,,,,,,,,,,,,,,,,,,
,,,,,,,,,,,,,,,,,,,,,,,,,,,,,,,,,
,,,,,,,,,,,,,,,,,,,,,,,,,,,,,,,,,
,,,,,,,,,,,,,,,,,,,,,,,,,,,,,,,,,
,,,,,,,,,,,,,,,,,,,,,,,,,,,,,,,,,
,,,,,,,,,,,,,,,,,,,,,,,,,,,,,,,,,
,,,,,,,,,,,,,,,,,,,,,,,,,,,,,,,,,
,,,,,,,,,,,,,,,,,,,,,,,,,,,,,,,,,
,,,,,,,,,,,,,,,,,,,,,,,,,,,,,,,,,
,,,,,,,,,,,,,,,,,,,,,,,,,,,,,,,,,
,,,,,,,,,,,,,,,,,,,,,,,,,,,,,,,,,
,,,,,,,,,,,,,,,,,,,,,,,,,,,,,,,,,
,,,,,,,,,,,,,,,,,,,,,,,,,,,,,,,,,
,,,,,,,,,,,,,,,,,,,,,,,,,,,,,,,,,
,,,,,,,,,,,,,,,,,,,,,,,,,,,,,,,,,
,,,,,,,,,,,,,,,,,,,,,,,,,,,,,,,,,
,,,,,,,,,,,,,,,,,,,,,,,,,,,,,,,,,
,,,,,,,,,,,,,,,,,,,,,,,,,,,,,,,,,
,,,,,,,,,,,,,,,,,,,,,,,,,,,,,,,,,
,,,,,,,,,,,,,,,,,,,,,,,,,,,,,,,,,
,,,,,,,,,,,,,,,,,,,,,,,,,,,,,,,,,
,,,,,,,,,,,,,,,,,,,,,,,,,,,,,,,,,
,,,,,,,,,,,,,,,,,,,,,,,,,,,,,,,,,
,,,,,,,,,,,,,,,,,,,,,,,,,,,,,,,,,
,,,,,,,,,,,,,,,,,,,,,,,,,,,,,,,,,
,,,,,,,,,,,,,,,,,,,,,,,,,,,,,,,,,
,,,,,,,,,,,,,,,,,,,,,,,,,,,,,,,,,
,,,,,,,,,,,,,,,,,,,,,,,,,,,,,,,,,
,,,,,,,,,,,,,,,,,,,,,,,,,,,,,,,,,
,,,,,,,,,,,,,,,,,,,,,,,,,,,,,,,,,
,,,,,,,,,,,,,,,,,,,,,,,,,,,,,,,,,
,,,,,,,,,,,,,,,,,,,,,,,,,,,,,,,,,
,,,,,,,,,,,,,,,,,,,,,,,,,,,,,,,,,
,,,,,,,,,,,,,,,,,,,,,,,,,,,,,,,,,
,,,,,,,,,,,,,,,,,,,,,,,,,,,,,,,,,
,,,,,,,,,,,,,,,,,,,,,,,,,,,,,,,,,
,,,,,,,,,,,,,,,,,,,,,,,,,,,,,,,,,
,,,,,,,,,,,,,,,,,,,,,,,,,,,,,,,,,
,,,,,,,,,,,,,,,,,,,,,,,,,,,,,,,,,
,,,,,,,,,,,,,,,,,,,,,,,,,,,,,,,,,
,,,,,,,,,,,,,,,,,,,,,,,,,,,,,,,,,
,,,,,,,,,,,,,,,,,,,,,,,,,,,,,,,,,
,,,,,,,,,,,,,,,,,,,,,,,,,,,,,,,,,
,,,,,,,,,,,,,,,,,,,,,,,,,,,,,,,,,
,,,,,,,,,,,,,,,,,,,,,,,,,,,,,,,,,
,,,,,,,,,,,,,,,,,,,,,,,,,,,,,,,,,
,,,,,,,,,,,,,,,,,,,,,,,,,,,,,,,,,
,,,,,,,,,,,,,,,,,,,,,,,,,,,,,,,,,
,,,,,,,,,,,,,,,,,,,,,,,,,,,,,,,,,
,,,,,,,,,,,,,,,,,,,,,,,,,,,,,,,,,
,,,,,,,,,,,,,,,,,,,,,,,,,,,,,,,,,
,,,,,,,,,,,,,,,,,,,,,,,,,,,,,,,,,
,,,,,,,,,,,,,,,,,,,,,,,,,,,,,,,,,
,,,,,,,,,,,,,,,,,,,,,,,,,,,,,,,,,
,,,,,,,,,,,,,,,,,,,,,,,,,,,,,,,,,
,,,,,,,,,,,,,,,,,,,,,,,,,,,,,,,,,
,,,,,,,,,,,,,,,,,,,,,,,,,,,,,,,,,
,,,,,,,,,,,,,,,,,,,,,,,,,,,,,,,,,
,,,,,,,,,,,,,,,,,,,,,,,,,,,,,,,,,
,,,,,,,,,,,,,,,,,,,,,,,,,,,,,,,,,
,,,,,,,,,,,,,,,,,,,,,,,,,,,,,,,,,
,,,,,,,,,,,,,,,,,,,,,,,,,,,,,,,,,
,,,,,,,,,,,,,,,,,,,,,,,,,,,,,,,,,
,,,,,,,,,,,,,,,,,,,,,,,,,,,,,,,,,
,,,,,,,,,,,,,,,,,,,,,,,,,,,,,,,,,
,,,,,,,,,,,,,,,,,,,,,,,,,,,,,,,,,
,,,,,,,,,,,,,,,,,,,,,,,,,,,,,,,,,
,,,,,,,,,,,,,,,,,,,,,,,,,,,,,,,,,
,,,,,,,,,,,,,,,,,,,,,,,,,,,,,,,,,
,,,,,,,,,,,,,,,,,,,,,,,,,,,,,,,,,
,,,,,,,,,,,,,,,,,,,,,,,,,,,,,,,,,
,,,,,,,,,,,,,,,,,,,,,,,,,,,,,,,,,
,,,,,,,,,,,,,,,,,,,,,,,,,,,,,,,,,
,,,,,,,,,,,,,,,,,,,,,,,,,,,,,,,,,
,,,,,,,,,,,,,,,,,,,,,,,,,,,,,,,,,
,,,,,,,,,,,,,,,,,,,,,,,,,,,,,,,,,
,,,,,,,,,,,,,,,,,,,,,,,,,,,,,,,,,
,,,,,,,,,,,,,,,,,,,,,,,,,,,,,,,,,
,,,,,,,,,,,,,,,,,,,,,,,,,,,,,,,,,
,,,,,,,,,,,,,,,,,,,,,,,,,,,,,,,,,
,,,,,,,,,,,,,,,,,,,,,,,,,,,,,,,,,
,,,,,,,,,,,,,,,,,,,,,,,,,,,,,,,,,
,,,,,,,,,,,,,,,,,,,,,,,,,,,,,,,,,
,,,,,,,,,,,,,,,,,,,,,,,,,,,,,,,,,
,,,,,,,,,,,,,,,,,,,,,,,,,,,,,,,,,
,,,,,,,,,,,,,,,,,,,,,,,,,,,,,,,,,
,,,,,,,,,,,,,,,,,,,,,,,,,,,,,,,,,
,,,,,,,,,,,,,,,,,,,,,,,,,,,,,,,,,
,,,,,,,,,,,,,,,,,,,,,,,,,,,,,,,,,
,,,,,,,,,,,,,,,,,,,,,,,,,,,,,,,,,
,,,,,,,,,,,,,,,,,,,,,,,,,,,,,,,,,
,,,,,,,,,,,,,,,,,,,,,,,,,,,,,,,,,
,,,,,,,,,,,,,,,,,,,,,,,,,,,,,,,,,
,,,,,,,,,,,,,,,,,,,,,,,,,,,,,,,,,
,,,,,,,,,,,,,,,,,,,,,,,,,,,,,,,,,
,,,,,,,,,,,,,,,,,,,,,,,,,,,,,,,,,
,,,,,,,,,,,,,,,,,,,,,,,,,,,,,,,,,
,,,,,,,,,,,,,,,,,,,,,,,,,,,,,,,,,
,,,,,,,,,,,,,,,,,,,,,,,,,,,,,,,,,
,,,,,,,,,,,,,,,,,,,,,,,,,,,,,,,,,
,,,,,,,,,,,,,,,,,,,,,,,,,,,,,,,,,
,,,,,,,,,,,,,,,,,,,,,,,,,,,,,,,,,
,,,,,,,,,,,,,,,,,,,,,,,,,,,,,,,,,
,,,,,,,,,,,,,,,,,,,,,,,,,,,,,,,,,
,,,,,,,,,,,,,,,,,,,,,,,,,,,,,,,,,
,,,,,,,,,,,,,,,,,,,,,,,,,,,,,,,,,
,,,,,,,,,,,,,,,,,,,,,,,,,,,,,,,,,
,,,,,,,,,,,,,,,,,,,,,,,,,,,,,,,,,
,,,,,,,,,,,,,,,,,,,,,,,,,,,,,,,,,
,,,,,,,,,,,,,,,,,,,,,,,,,,,,,,,,,
,,,,,,,,,,,,,,,,,,,,,,,,,,,,,,,,,
,,,,,,,,,,,,,,,,,,,,,,,,,,,,,,,,,
,,,,,,,,,,,,,,,,,,,,,,,,,,,,,,,,,
,,,,,,,,,,,,,,,,,,,,,,,,,,,,,,,,,
,,,,,,,,,,,,,,,,,,,,,,,,,,,,,,,,,
,,,,,,,,,,,,,,,,,,,,,,,,,,,,,,,,,
,,,,,,,,,,,,,,,,,,,,,,,,,,,,,,,,,
,,,,,,,,,,,,,,,,,,,,,,,,,,,,,,,,,
,,,,,,,,,,,,,,,,,,,,,,,,,,,,,,,,,
,,,,,,,,,,,,,,,,,,,,,,,,,,,,,,,,,
,,,,,,,,,,,,,,,,,,,,,,,,,,,,,,,,,
,,,,,,,,,,,,,,,,,,,,,,,,,,,,,,,,,
,,,,,,,,,,,,,,,,,,,,,,,,,,,,,,,,,
,,,,,,,,,,,,,,,,,,,,,,,,,,,,,,,,,
,,,,,,,,,,,,,,,,,,,,,,,,,,,,,,,,,
,,,,,,,,,,,,,,,,,,,,,,,,,,,,,,,,,
,,,,,,,,,,,,,,,,,,,,,,,,,,,,,,,,,
,,,,,,,,,,,,,,,,,,,,,,,,,,,,,,,,,
,,,,,,,,,,,,,,,,,,,,,,,,,,,,,,,,,
,,,,,,,,,,,,,,,,,,,,,,,,,,,,,,,,,
,,,,,,,,,,,,,,,,,,,,,,,,,,,,,,,,,
,,,,,,,,,,,,,,,,,,,,,,,,,,,,,,,,,
,,,,,,,,,,,,,,,,,,,,,,,,,,,,,,,,,
,,,,,,,,,,,,,,,,,,,,,,,,,,,,,,,,,
,,,,,,,,,,,,,,,,,,,,,,,,,,,,,,,,,
,,,,,,,,,,,,,,,,,,,,,,,,,,,,,,,,,
,,,,,,,,,,,,,,,,,,,,,,,,,,,,,,,,,
,,,,,,,,,,,,,,,,,,,,,,,,,,,,,,,,,
,,,,,,,,,,,,,,,,,,,,,,,,,,,,,,,,,
,,,,,,,,,,,,,,,,,,,,,,,,,,,,,,,,,
,,,,,,,,,,,,,,,,,,,,,,,,,,,,,,,,,
,,,,,,,,,,,,,,,,,,,,,,,,,,,,,,,,,
,,,,,,,,,,,,,,,,,,,,,,,,,,,,,,,,,
,,,,,,,,,,,,,,,,,,,,,,,,,,,,,,,,,
,,,,,,,,,,,,,,,,,,,,,,,,,,,,,,,,,
,,,,,,,,,,,,,,,,,,,,,,,,,,,,,,,,,
,,,,,,,,,,,,,,,,,,,,,,,,,,,,,,,,,
,,,,,,,,,,,,,,,,,,,,,,,,,,,,,,,,,
,,,,,,,,,,,,,,,,,,,,,,,,,,,,,,,,,
,,,,,,,,,,,,,,,,,,,,,,,,,,,,,,,,,
,,,,,,,,,,,,,,,,,,,,,,,,,,,,,,,,,
,,,,,,,,,,,,,,,,,,,,,,,,,,,,,,,,,
,,,,,,,,,,,,,,,,,,,,,,,,,,,,,,,,,
,,,,,,,,,,,,,,,,,,,,,,,,,,,,,,,,,
,,,,,,,,,,,,,,,,,,,,,,,,,,,,,,,,,
,,,,,,,,,,,,,,,,,,,,,,,,,,,,,,,,,
,,,,,,,,,,,,,,,,,,,,,,,,,,,,,,,,,
,,,,,,,,,,,,,,,,,,,,,,,,,,,,,,,,,
,,,,,,,,,,,,,,,,,,,,,,,,,,,,,,,,,
,,,,,,,,,,,,,,,,,,,,,,,,,,,,,,,,,
,,,,,,,,,,,,,,,,,,,,,,,,,,,,,,,,,
,,,,,,,,,,,,,,,,,,,,,,,,,,,,,,,,,
,,,,,,,,,,,,,,,,,,,,,,,,,,,,,,,,,
,,,,,,,,,,,,,,,,,,,,,,,,,,,,,,,,,
,,,,,,,,,,,,,,,,,,,,,,,,,,,,,,,,,
,,,,,,,,,,,,,,,,,,,,,,,,,,,,,,,,,
,,,,,,,,,,,,,,,,,,,,,,,,,,,,,,,,,
,,,,,,,,,,,,,,,,,,,,,,,,,,,,,,,,,
,,,,,,,,,,,,,,,,,,,,,,,,,,,,,,,,,
,,,,,,,,,,,,,,,,,,,,,,,,,,,,,,,,,
,,,,,,,,,,,,,,,,,,,,,,,,,,,,,,,,,
,,,,,,,,,,,,,,,,,,,,,,,,,,,,,,,,,
,,,,,,,,,,,,,,,,,,,,,,,,,,,,,,,,,
,,,,,,,,,,,,,,,,,,,,,,,,,,,,,,,,,
,,,,,,,,,,,,,,,,,,,,,,,,,,,,,,,,,
,,,,,,,,,,,,,,,,,,,,,,,,,,,,,,,,,
,,,,,,,,,,,,,,,,,,,,,,,,,,,,,,,,,
,,,,,,,,,,,,,,,,,,,,,,,,,,,,,,,,,
,,,,,,,,,,,,,,,,,,,,,,,,,,,,,,,,,
,,,,,,,,,,,,,,,,,,,,,,,,,,,,,,,,,
,,,,,,,,,,,,,,,,,,,,,,,,,,,,,,,,,
,,,,,,,,,,,,,,,,,,,,,,,,,,,,,,,,,
,,,,,,,,,,,,,,,,,,,,,,,,,,,,,,,,,
,,,,,,,,,,,,,,,,,,,,,,,,,,,,,,,,,
,,,,,,,,,,,,,,,,,,,,,,,,,,,,,,,,,
,,,,,,,,,,,,,,,,,,,,,,,,,,,,,,,,,
,,,,,,,,,,,,,,,,,,,,,,,,,,,,,,,,,
,,,,,,,,,,,,,,,,,,,,,,,,,,,,,,,,,
,,,,,,,,,,,,,,,,,,,,,,,,,,,,,,,,,
,,,,,,,,,,,,,,,,,,,,,,,,,,,,,,,,,
,,,,,,,,,,,,,,,,,,,,,,,,,,,,,,,,,
,,,,,,,,,,,,,,,,,,,,,,,,,,,,,,,,,
,,,,,,,,,,,,,,,,,,,,,,,,,,,,,,,,,
,,,,,,,,,,,,,,,,,,,,,,,,,,,,,,,,,
,,,,,,,,,,,,,,,,,,,,,,,,,,,,,,,,,
,,,,,,,,,,,,,,,,,,,,,,,,,,,,,,,,,
,,,,,,,,,,,,,,,,,,,,,,,,,,,,,,,,,
,,,,,,,,,,,,,,,,,,,,,,,,,,,,,,,,,
,,,,,,,,,,,,,,,,,,,,,,,,,,,,,,,,,
,,,,,,,,,,,,,,,,,,,,,,,,,,,,,,,,,
,,,,,,,,,,,,,,,,,,,,,,,,,,,,,,,,,
,,,,,,,,,,,,,,,,,,,,,,,,,,,,,,,,,
,,,,,,,,,,,,,,,,,,,,,,,,,,,,,,,,,
,,,,,,,,,,,,,,,,,,,,,,,,,,,,,,,,,
,,,,,,,,,,,,,,,,,,,,,,,,,,,,,,,,,
,,,,,,,,,,,,,,,,,,,,,,,,,,,,,,,,,
,,,,,,,,,,,,,,,,,,,,,,,,,,,,,,,,,
,,,,,,,,,,,,,,,,,,,,,,,,,,,,,,,,,
,,,,,,,,,,,,,,,,,,,,,,,,,,,,,,,,,
,,,,,,,,,,,,,,,,,,,,,,,,,,,,,,,,,
,,,,,,,,,,,,,,,,,,,,,,,,,,,,,,,,,
,,,,,,,,,,,,,,,,,,,,,,,,,,,,,,,,,
,,,,,,,,,,,,,,,,,,,,,,,,,,,,,,,,,
,,,,,,,,,,,,,,,,,,,,,,,,,,,,,,,,,
,,,,,,,,,,,,,,,,,,,,,,,,,,,,,,,,,
,,,,,,,,,,,,,,,,,,,,,,,,,,,,,,,,,
,,,,,,,,,,,,,,,,,,,,,,,,,,,,,,,,,
,,,,,,,,,,,,,,,,,,,,,,,,,,,,,,,,,
,,,,,,,,,,,,,,,,,,,,,,,,,,,,,,,,,
,,,,,,,,,,,,,,,,,,,,,,,,,,,,,,,,,
,,,,,,,,,,,,,,,,,,,,,,,,,,,,,,,,,
,,,,,,,,,,,,,,,,,,,,,,,,,,,,,,,,,
,,,,,,,,,,,,,,,,,,,,,,,,,,,,,,,,,
,,,,,,,,,,,,,,,,,,,,,,,,,,,,,,,,,
,,,,,,,,,,,,,,,,,,,,,,,,,,,,,,,,,
,,,,,,,,,,,,,,,,,,,,,,,,,,,,,,,,,
,,,,,,,,,,,,,,,,,,,,,,,,,,,,,,,,,
,,,,,,,,,,,,,,,,,,,,,,,,,,,,,,,,,
,,,,,,,,,,,,,,,,,,,,,,,,,,,,,,,,,
,,,,,,,,,,,,,,,,,,,,,,,,,,,,,,,,,
,,,,,,,,,,,,,,,,,,,,,,,,,,,,,,,,,
,,,,,,,,,,,,,,,,,,,,,,,,,,,,,,,,,
,,,,,,,,,,,,,,,,,,,,,,,,,,,,,,,,,
,,,,,,,,,,,,,,,,,,,,,,,,,,,,,,,,,
,,,,,,,,,,,,,,,,,,,,,,,,,,,,,,,,,
,,,,,,,,,,,,,,,,,,,,,,,,,,,,,,,,,
,,,,,,,,,,,,,,,,,,,,,,,,,,,,,,,,,
,,,,,,,,,,,,,,,,,,,,,,,,,,,,,,,,,
,,,,,,,,,,,,,,,,,,,,,,,,,,,,,,,,,
,,,,,,,,,,,,,,,,,,,,,,,,,,,,,,,,,
,,,,,,,,,,,,,,,,,,,,,,,,,,,,,,,,,
,,,,,,,,,,,,,,,,,,,,,,,,,,,,,,,,,
,,,,,,,,,,,,,,,,,,,,,,,,,,,,,,,,,
,,,,,,,,,,,,,,,,,,,,,,,,,,,,,,,,,
,,,,,,,,,,,,,,,,,,,,,,,,,,,,,,,,,
,,,,,,,,,,,,,,,,,,,,,,,,,,,,,,,,,
,,,,,,,,,,,,,,,,,,,,,,,,,,,,,,,,,
,,,,,,,,,,,,,,,,,,,,,,,,,,,,,,,,,
,,,,,,,,,,,,,,,,,,,,,,,,,,,,,,,,,
,,,,,,,,,,,,,,,,,,,,,,,,,,,,,,,,,
,,,,,,,,,,,,,,,,,,,,,,,,,,,,,,,,,
,,,,,,,,,,,,,,,,,,,,,,,,,,,,,,,,,
,,,,,,,,,,,,,,,,,,,,,,,,,,,,,,,,,
,,,,,,,,,,,,,,,,,,,,,,,,,,,,,,,,,
,,,,,,,,,,,,,,,,,,,,,,,,,,,,,,,,,
,,,,,,,,,,,,,,,,,,,,,,,,,,,,,,,,,
,,,,,,,,,,,,,,,,,,,,,,,,,,,,,,,,,
,,,,,,,,,,,,,,,,,,,,,,,,,,,,,,,,,
,,,,,,,,,,,,,,,,,,,,,,,,,,,,,,,,,
,,,,,,,,,,,,,,,,,,,,,,,,,,,,,,,,,
,,,,,,,,,,,,,,,,,,,,,,,,,,,,,,,,,
,,,,,,,,,,,,,,,,,,,,,,,,,,,,,,,,,
,,,,,,,,,,,,,,,,,,,,,,,,,,,,,,,,,
,,,,,,,,,,,,,,,,,,,,,,,,,,,,,,,,,
,,,,,,,,,,,,,,,,,,,,,,,,,,,,,,,,,
,,,,,,,,,,,,,,,,,,,,,,,,,,,,,,,,,
,,,,,,,,,,,,,,,,,,,,,,,,,,,,,,,,,
,,,,,,,,,,,,,,,,,,,,,,,,,,,,,,,,,
,,,,,,,,,,,,,,,,,,,,,,,,,,,,,,,,,
,,,,,,,,,,,,,,,,,,,,,,,,,,,,,,,,,
,,,,,,,,,,,,,,,,,,,,,,,,,,,,,,,,,
,,,,,,,,,,,,,,,,,,,,,,,,,,,,,,,,,
,,,,,,,,,,,,,,,,,,,,,,,,,,,,,,,,,
,,,,,,,,,,,,,,,,,,,,,,,,,,,,,,,,,
,,,,,,,,,,,,,,,,,,,,,,,,,,,,,,,,,
,,,,,,,,,,,,,,,,,,,,,,,,,,,,,,,,,
,,,,,,,,,,,,,,,,,,,,,,,,,,,,,,,,,
,,,,,,,,,,,,,,,,,,,,,,,,,,,,,,,,,
,,,,,,,,,,,,,,,,,,,,,,,,,,,,,,,,,
,,,,,,,,,,,,,,,,,,,,,,,,,,,,,,,,,
,,,,,,,,,,,,,,,,,,,,,,,,,,,,,,,,,
,,,,,,,,,,,,,,,,,,,,,,,,,,,,,,,,,
,,,,,,,,,,,,,,,,,,,,,,,,,,,,,,,,,
,,,,,,,,,,,,,,,,,,,,,,,,,,,,,,,,,
,,,,,,,,,,,,,,,,,,,,,,,,,,,,,,,,,
,,,,,,,,,,,,,,,,,,,,,,,,,,,,,,,,,
,,,,,,,,,,,,,,,,,,,,,,,,,,,,,,,,,
,,,,,,,,,,,,,,,,,,,,,,,,,,,,,,,,,
,,,,,,,,,,,,,,,,,,,,,,,,,,,,,,,,,
,,,,,,,,,,,,,,,,,,,,,,,,,,,,,,,,,
,,,,,,,,,,,,,,,,,,,,,,,,,,,,,,,,,
,,,,,,,,,,,,,,,,,,,,,,,,,,,,,,,,,
,,,,,,,,,,,,,,,,,,,,,,,,,,,,,,,,,
,,,,,,,,,,,,,,,,,,,,,,,,,,,,,,,,,
,,,,,,,,,,,,,,,,,,,,,,,,,,,,,,,,,
,,,,,,,,,,,,,,,,,,,,,,,,,,,,,,,,,
,,,,,,,,,,,,,,,,,,,,,,,,,,,,,,,,,
,,,,,,,,,,,,,,,,,,,,,,,,,,,,,,,,,
,,,,,,,,,,,,,,,,,,,,,,,,,,,,,,,,,
,,,,,,,,,,,,,,,,,,,,,,,,,,,,,,,,,
,,,,,,,,,,,,,,,,,,,,,,,,,,,,,,,,,
,,,,,,,,,,,,,,,,,,,,,,,,,,,,,,,,,
,,,,,,,,,,,,,,,,,,,,,,,,,,,,,,,,,
,,,,,,,,,,,,,,,,,,,,,,,,,,,,,,,,,
,,,,,,,,,,,,,,,,,,,,,,,,,,,,,,,,,
,,,,,,,,,,,,,,,,,,,,,,,,,,,,,,,,,
,,,,,,,,,,,,,,,,,,,,,,,,,,,,,,,,,
,,,,,,,,,,,,,,,,,,,,,,,,,,,,,,,,,
,,,,,,,,,,,,,,,,,,,,,,,,,,,,,,,,,
,,,,,,,,,,,,,,,,,,,,,,,,,,,,,,,,,
,,,,,,,,,,,,,,,,,,,,,,,,,,,,,,,,,
,,,,,,,,,,,,,,,,,,,,,,,,,,,,,,,,,
,,,,,,,,,,,,,,,,,,,,,,,,,,,,,,,,,
,,,,,,,,,,,,,,,,,,,,,,,,,,,,,,,,,
,,,,,,,,,,,,,,,,,,,,,,,,,,,,,,,,,
,,,,,,,,,,,,,,,,,,,,,,,,,,,,,,,,,
,,,,,,,,,,,,,,,,,,,,,,,,,,,,,,,,,
,,,,,,,,,,,,,,,,,,,,,,,,,,,,,,,,,
,,,,,,,,,,,,,,,,,,,,,,,,,,,,,,,,,
,,,,,,,,,,,,,,,,,,,,,,,,,,,,,,,,,
,,,,,,,,,,,,,,,,,,,,,,,,,,,,,,,,,
,,,,,,,,,,,,,,,,,,,,,,,,,,,,,,,,,
,,,,,,,,,,,,,,,,,,,,,,,,,,,,,,,,,
,,,,,,,,,,,,,,,,,,,,,,,,,,,,,,,,,
